seller id,warehouse id,po_type,seller sku code,sku id,sku code,style id,inventory count,blocked count,sellable inventory count,is active,modified on
19498,15774,SJIT,862KL1556PLYKGREEN-4XL,108407859,KALNKRTI108407859,33567028,3,,0,1,28:48.0
19498,81,SJIT,KL_1576PLYKNGREEN-6XL,124435209,KALNKASS124435209,39001049,1,,0,1,09:36.0
19498,15774,SJIT,663KL1268PLYKMULTI-4XL,97263731,KALNNTST97263731,30227864,2,,0,1,21:31.0
19498,15774,SJIT,IKR1048YKBLUE-M,109040189,IRASTOPS109040189,33750538,2,,0,1,04:01.0
19498,36,SJIT,KL_1901PLYKBLUE-4XL,125191906,KALNNTST125191906,39223203,2,,0,1,27:18.0
19498,28,SJIT,98KL1293PLYKMAROON-XXL,91360094,KALNKRTA91360094,28421050,9,,0,1,35:01.0
19498,81,SJIT,IKR1048YKBLUE-XS,129029071,IRASTOPS129029071,33750538,2,,0,1,12:23.0
19498,15774,SJIT,KL_1576PLYKGREEN-5XL,124435215,KALNKASS124435215,39001050,2,,0,1,54:22.0
19498,28,SJIT,98KL1293PLYKMAROON-3XL,91360088,KALNKRTA91360088,28421050,1,,0,1,21:30.0
19498,36,SJIT,107KL1266YKCBLUE-M,118722551,KALNKRTA118722551,37107382,2,,0,1,47:36.0
19498,15774,SJIT,IKR_1048PLYKNBLUE-8XL,125437300,IRASTOPS125437300,39287053,2,,0,1,31:37.0
19498,36,SJIT,219KL241PLYK287BLACKRAY-4XL,92190854,KALNKRTA92190854,28697756,4,,0,1,03:20.0
19498,81,SJIT,187KL315YK251TEAL-XL,92190920,KALNKRTA92190920,28697770,1,,0,1,48:58.0
19498,36,SJIT,181KL9YK148BLACK-L,92190732,KALNKRTA92190732,28697728,2,,0,1,36:11.0
19498,81,SJIT,615KL318PLYK406YELLOW-5XL,97283495,KALNTOPS97283495,30234553,4,,0,1,48:54.0
19498,28,SJIT,98KL1293PLYKMAROON-4XL,91360090,KALNKRTA91360090,28421050,3,,0,1,13:32.0
19498,28,SJIT,218KL241YK287BLACKRAY-M,92190820,KALNKRTA92190820,28697748,2,,0,1,32:15.0
19498,15774,SJIT,IKR_1876YKMAROON-S,125624339,IRASCOORD125624339,39352272,1,,0,1,12:34.0
19498,81,SJIT,238KL1593PLYKGREEN-5XL,92764970,KALNKRTA92764970,28878086,2,,0,1,01:07.0
19498,81,SJIT,KL_1594YKYELLOW-M,118282708,KALNKRTA118282708,36966956,1,,0,1,59:14.0
19498,28,SJIT,234KL165YK251MUSTRAD-XL,92764688,KALNKRTA92764688,28878018,3,,0,1,02:09.0
19498,81,SJIT,472KL1341YKGREEN-M,96091620,KALNKRTI96091620,29872852,1,,0,1,05:13.0
19498,15774,SJIT,761KL1127PLYKMAROON-5XL,101964707,KALNKASS101964707,31644418,1,,0,1,19:35.0
19498,36,SJIT,579KL1348YKMULTI-XXL,97165970,KALNTOPS97165970,30198095,3,,0,1,12:11.0
19498,15774,SJIT,232KL166YK251BLUE-XL,92764722,KALNKRTA92764722,28878026,5,,0,1,28:31.0
19498,28,SJIT,218KL241YK287BLACKRAY-L,92190822,KALNKRTA92190822,28697748,1,,0,1,29:32.0
19498,81,SJIT,208KL275YK146MULTI-L,92191132,KALNKRTA92191132,28697810,2,,0,1,58:09.0
19498,81,SJIT,862KL1556PLYKGREEN-XXL,108407861,KALNKRTI108407861,33567028,3,,0,1,07:50.0
19498,36,SJIT,600KL1500YKMAROON-XL,97283524,KALNTOPS97283524,30234559,1,,0,1,21:18.0
19498,81,SJIT,IKR1391PLYKBLUE-4XL,108895385,IRASKRTA108895385,33707594,2,,0,1,36:15.0
19498,36,SJIT,KL_7097YKBLUE-S-M,122720852,KALNSRBL122720852,38450605,10,,0,1,52:38.0
19498,15774,SJIT,256KL1540YKGREEN-XL,92764786,KALNKRTA92764786,28878042,1,,0,1,28:31.0
19498,36,SJIT,KL_1894YKGREEN-M,123892478,KALNKRTA123892478,38820776,3,,0,1,03:04.0
19498,28,SJIT,187KL315YK251TEAL-S,92190922,KALNKRTA92190922,28697770,2,,0,1,15:29.0
19498,15774,SJIT,187KL315YK251TEAL-L,92190926,KALNKRTA92190926,28697770,2,,0,1,42:31.0
19498,15774,SJIT,IKR_4018DRSBLUE-M,129011057,IRASTOPS129011057,40324174,2,,0,1,04:21.0
19498,81,SJIT,443KL190PLYKN214MEHROON-6XL,95150192,KALNKRTA95150192,29596642,1,,0,1,47:35.0
19498,36,SJIT,IKR1486PLYKPURPLE-3XL,109009012,IRASKRTA109009012,33740891,2,,0,1,50:05.0
19498,81,SJIT,208KL275YK146MULTI-M,92191130,KALNKRTA92191130,28697810,2,,0,1,51:17.0
19498,36,SJIT,IKR1057YKBLUE-S,109011443,IRASTNIC109011443,33741622,2,,0,1,45:17.0
19498,36,SJIT,209KL275PLYK146MULTI-XXL,92191114,KALNKRTA92191114,28697808,2,,0,1,23:33.0
19498,15774,SJIT,KL_AK-232WHITE-XS,133236281,KALNKRTA133236281,41671585,2,,0,1,49:38.0
19498,15774,SJIT,893KL289PLYK345YELLOW-3XL,108410063,KALNTOPS108410063,33567693,1,,0,1,30:26.0
19498,36,SJIT,787KL1043PLYKNMAROON-8XL,104547861,KALNTOPS104547861,32455712,1,,0,1,07:14.0
19498,36,SJIT,KL_7079YKWHITE-S-M,123159844,KALNSRBL123159844,38566828,1,,0,1,19:53.0
19498,36,SJIT,188KL315PLYK251TEAL-XXL,92190898,KALNKRTA92190898,28697766,2,,0,1,36:56.0
19498,36,SJIT,KL_7090YKWHITE-S-M,121548861,KALNSRBL121548861,38056594,1,,0,1,19:53.0
19498,36,SJIT,KL_7098YKPINK-4XL,123757482,KALNSRBL123757482,38783605,2,,0,1,19:05.0
19498,15774,SJIT,601KL206PLYK324MUSTARD-XXL,97283448,KALNTOPS97283448,30234542,1,,0,1,12:56.0
19498,15774,SJIT,743KL1592PLYKNBLUE-6XL,101974749,KALNKRTA101974749,31647630,3,,0,1,45:42.0
19498,36,SJIT,234KL165YK251MUSTRAD-M,92764692,KALNKRTA92764692,28878018,20,,0,1,01:26.0
19498,81,SJIT,666KL1271YKPINK-S,97263773,KALNNTST97263773,30227874,1,,0,1,21:46.0
19498,15774,SJIT,IKR1532PLYKNBLUE-7XL,113177526,IRASKRTI113177526,35283168,2,,0,1,42:43.0
19498,81,SJIT,665KL1271PLYKPINK-3XL,97263730,KALNNTST97263730,30227866,2,,0,1,02:09.0
19498,81,SJIT,235KL165PLYKC251MUSTRAD-3XL,117290174,KALNKRTA117290174,36683245,12,,0,1,29:36.0
19498,81,SJIT,IKR1293PLYKMAROON-XXL,108907911,IRASKRTA108907911,33711062,1,,0,1,19:44.0
19498,81,SJIT,663KL1268PLYKMULTI-3XL,97263728,KALNNTST97263728,30227864,3,,0,1,12:11.0
19498,81,SJIT,IKR1293PLYKMAROON-4XL,108907909,IRASKRTA108907909,33711062,1,,0,1,57:48.0
19498,15774,SJIT,IKR_1048PLYKBLUE-XXL,125437301,IRASTOPS125437301,39287054,3,,0,1,55:48.0
19498,15774,SJIT,IKR237PLYK345PINK-3XL,109122397,IRASTOPS109122397,33774189,1,,0,1,33:56.0
19498,81,SJIT,98KL1293PLYKMAROON-XXL,91360094,KALNKRTA91360094,28421050,10,,0,1,30:04.0
19498,81,SJIT,97KL1293YKCMAROON-XS,117290165,KALNKRTA117290165,36683244,4,,0,1,40:28.0
19498,81,SJIT,IKR1532YKBLUE-S,109011060,IRASKRTI109011060,33741532,1,,0,1,12:23.0
19498,81,SJIT,893KL289PLYK345YELLOW-5XL,108410065,KALNTOPS108410065,33567693,1,,0,1,45:49.0
19498,15774,SJIT,472KL1341YKGREEN-XL,96091622,KALNKRTI96091622,29872852,1,,0,1,09:19.0
19498,15774,SJIT,862KL1556PLYKGREEN-3XL,108407858,KALNKRTI108407858,33567028,3,,0,1,22:46.0
19498,15774,SJIT,189KL314YK411RED-L,92190948,KALNKRTA92190948,28697774,1,,0,1,08:29.0
19498,81,SJIT,KL_1901YKBLUE-M,125191896,KALNNTST125191896,39223201,1,,0,1,42:00.0
19498,28,SJIT,278KL1507PLYKPINK-XXL,92764960,KALNKRTA92764960,28878084,5,,0,1,22:36.0
19498,81,SJIT,232KL166YK251BLUE-L,92764728,KALNKRTA92764728,28878026,10,,0,1,10:09.0
19498,81,SJIT,IKR1388YKMAROON-XL,108895452,IRASKRTA108895452,33707617,1,,0,1,57:53.0
19498,15774,SJIT,261KL1536YKBLACK-S,92764894,KALNKRTA92764894,28878068,2,,0,1,47:22.0
19498,81,SJIT,863KL1556PLYKNGREEN-6XL,108407844,KALNKRTI108407844,33567024,1,,0,1,20:46.0
19498,15774,SJIT,225KL190PLYK214MEHROON-4XL,92190828,KALNKRTA92190828,28697750,3,,0,1,32:02.0
19498,36,SJIT,IKR237PLYK345PINK-XXL,109122400,IRASTOPS109122400,33774189,1,,0,1,43:04.0
19498,15774,SJIT,IKR1557YKRED-S,109011074,IRASKRTI109011074,33741535,1,,0,1,22:12.0
19498,81,SJIT,119KL1255YKMAROON-M,89286482,KALNKRTA89286482,27738664,1,,0,1,59:14.0
19498,81,SJIT,IKR1057YKBLUE-S,109011443,IRASTNIC109011443,33741622,2,,0,1,53:29.0
19498,81,SJIT,IKR1772PLYKDMULTI-3XL,103049910,IRASKASS103049910,32008850,1,,0,1,09:40.0
19498,81,SJIT,743KL1592PLYKNBLUE-7XL,101974750,KALNKRTA101974750,31647630,2,,0,1,14:44.0
19498,15774,SJIT,196KL311PLYK148BBNDJ-5XL,92191138,KALNKRTA92191138,28697812,2,,0,1,48:21.0
19498,36,SJIT,232KL166YK251BLUE-XL,92764722,KALNKRTA92764722,28878026,8,,0,1,18:29.0
19498,81,SJIT,765KL1588PLYKNBLUE-8XL,101964867,KALNKRTI101964867,31644461,1,,0,1,50:23.0
19498,15774,SJIT,663KL1268PLYKMULTI-XXL,97263737,KALNNTST97263737,30227864,4,,0,1,42:14.0
19498,15774,SJIT,240KL1592PLYKBLUE-4XL,92764980,KALNKRTA92764980,28878088,1,,0,1,06:26.0
19498,15774,SJIT,97KL1293YKCMAROON-L,117290166,KALNKRTA117290166,36683244,8,,0,1,48:08.0
19498,15774,SJIT,IKR188YK83NAVY-M,108401703,IRASDRSS108401703,33565206,2,,0,1,53:23.0
19498,36,SJIT,KL_7098YKPINK-5XL,123757483,KALNSRBL123757483,38783605,2,,0,1,02:39.0
19498,81,SJIT,759KL206PLYKN324MUSTARD-8XL,101968753,KALNTOPS101968753,31645458,1,,0,1,50:23.0
19498,15774,SJIT,664KL1268YKMULTI-M,97263732,KALNNTST97263732,30227865,2,,0,1,31:05.0
19498,81,SJIT,IKR_1885PLYKPistaGreen-XXL,125496491,IRASSHRT125496491,39316924,1,,0,1,48:21.0
19498,15774,SJIT,IKR1293YKMAROON-S,108907856,IRASKRTA108907856,33711050,2,,0,1,04:01.0
19498,81,SJIT,IKR224PLYK148BNDJ-XXL,108912426,IRASKRTA108912426,33712521,1,,0,1,15:56.0
19498,15774,SJIT,108KL1266PLYKBLUE-5XL,91359938,KALNKRTA91359938,28421016,2,,0,1,45:42.0
19498,36,SJIT,KL_7097YKBLUE-5XL,122720858,KALNSRBL122720858,38450605,2,,0,1,22:03.0
19498,81,SJIT,IKR1293PLYKNMAROON-7XL,108908026,IRASKRTA108908026,33711088,2,,0,1,17:55.0
19498,81,SJIT,224KL190YK214MEHROON-XS,92190804,KALNKRTA92190804,28697746,3,,0,1,55:50.0
19498,81,SJIT,KL_7097YKBLUE-3XL,122720856,KALNSRBL122720856,38450605,3,,0,1,24:04.0
19498,15774,SJIT,KL_7098YKPINK-4XL,123757482,KALNSRBL123757482,38783605,2,,0,1,28:48.0
19498,81,SJIT,IKR_4010DRSMULTI-L,129011032,IRASTOPS129011032,40324169,2,,0,1,51:32.0
19498,81,SJIT,190KL314PLYKN411RED-7XL,92190892,KALNKRTA92190892,28697764,1,,0,1,20:46.0
19498,15774,SJIT,IKR1258PLYKWHITE-4XL,108907922,IRASKRTA108907922,33711065,1,,0,1,52:20.0
19498,81,SJIT,690KL5014PLYKMAROON-5XL,97349272,KALNTRSR97349272,30256955,1,,0,1,29:41.0
19498,81,SJIT,471KL1341PLYKGREEN-XXL,96091571,KALNKRTI96091571,29872841,1,,0,1,56:29.0
19498,81,SJIT,IKR1379YKGREEN-M,108895457,IRASKRTA108895457,33707619,2,,0,1,38:56.0
19498,15774,SJIT,125KL1252YKGREEN-XL,89286514,KALNKRTA89286514,27738670,1,,0,1,21:38.0
19498,36,SJIT,771KL1266PLYKNBLUE-7XL,102556060,KALNKRTA102556060,31835089,1,,0,1,08:26.0
19498,15774,SJIT,125KL1252YKGREEN-M,89286510,KALNKRTA89286510,27738670,1,,0,1,29:33.0
19498,15774,SJIT,50KL1085PLYKPINK-4XL,88023188,KALNKRTA88023188,27324026,2,,0,1,36:59.0
19498,36,SJIT,50KL1085PLYKPINK-5XL,88023190,KALNKRTA88023190,27324026,1,,0,1,34:25.0
19498,15774,SJIT,IKR1772PLYKDMULTI-5XL,103049912,IRASKASS103049912,32008850,1,,0,1,42:32.0
19498,81,SJIT,IKR1532YKBLUE-XL,109011061,IRASKRTI109011061,33741532,1,,0,1,09:07.0
19498,81,SJIT,KL_1341PLYKNGREEN-6XL,118054196,KALNKRTI118054196,36903896,2,,0,1,10:15.0
19498,15774,SJIT,764KL1588PLYKBLUE-5XL,101964861,KALNKRTI101964861,31644459,1,,0,1,29:29.0
19498,36,SJIT,IKR1048YKBLUE-L,109040188,IRASTOPS109040188,33750538,2,,0,1,28:17.0
19498,81,SJIT,IKR289YK345YELLOW-S,109122725,IRASTOPS109122725,33774381,1,,0,1,05:40.0
19498,36,SJIT,601KL206PLYK324MUSTARD-XXL,97283448,KALNTOPS97283448,30234542,1,,0,1,29:37.0
19498,81,SJIT,743KL1592PLYKNBLUE-6XL,101974749,KALNKRTA101974749,31647630,2,,0,1,39:25.0
19498,81,SJIT,KL_7097YKBLUE-4XL,122720857,KALNSRBL122720857,38450605,3,,0,1,11:57.0
19498,15774,SJIT,IKR_1885YKPistaGreen-M,125496497,IRASSHRT125496497,39316925,1,,0,1,18:34.0
19498,15774,SJIT,KL_1048PLYKNBLUE-8XL,118052575,KALNTOPS118052575,36903610,1,,0,1,20:11.0
19498,15774,SJIT,787KL1043PLYKNMAROON-8XL,104547861,KALNTOPS104547861,32455712,1,,0,1,55:11.0
19498,81,SJIT,601KL206PLYK324MUSTARD-3XL,97283445,KALNTOPS97283445,30234542,1,,0,1,56:39.0
19498,15774,SJIT,KL_1894YKGREEN-M,123892478,KALNKRTA123892478,38820776,3,,0,1,32:41.0
19498,36,SJIT,IKR1293PLYKMAROON-3XL,108907908,IRASKRTA108907908,33711062,1,,0,1,36:21.0
19498,15774,SJIT,615KL318PLYK406YELLOW-5XL,97283495,KALNTOPS97283495,30234553,4,,0,1,10:12.0
19498,15774,SJIT,248KL1552YKRED-L,92764800,KALNKRTA92764800,28878044,1,,0,1,37:17.0
19498,15774,SJIT,IKR1060PLYKBEIGE-4XL,108890666,IRASKRTA108890666,33706228,1,,0,1,35:45.0
19498,15774,SJIT,886KL1602PLYKLAVENDER-5XL,108410263,KALNTOPS108410263,33567757,1,,0,1,09:39.0
19498,28,SJIT,188KL315PLYK251TEAL-XXL,92190898,KALNKRTA92190898,28697766,2,,0,1,33:12.0
19498,28,SJIT,231KL167PLYK251BLACK-3XL,92191072,KALNKRTA92191072,28697798,2,,0,1,19:34.0
19498,36,SJIT,248KL1552YKRED-M,92764798,KALNKRTA92764798,28878044,1,,0,1,42:48.0
19498,15774,SJIT,IKR_AK-226INDIGO-XXL,129011038,IRASTOPS129011038,40324171,2,,0,1,09:37.0
19498,36,SJIT,158KL1197PLYKCGREEN-4XL,118722622,KALNKRTA118722622,37107398,2,,0,1,10:00.0
19498,28,SJIT,107KL1266YKCBLUE-XL,118722553,KALNKRTA118722553,37107382,2,,0,1,25:48.0
19498,15774,SJIT,IKR1057PLYKBLUE-XXL,109011463,IRASTNIC109011463,33741626,2,,0,1,31:07.0
19498,15774,SJIT,124KL1253PLYKBLACK-5XL,91359990,KALNKRTA91359990,28421028,2,,0,1,47:12.0
19498,81,SJIT,IKR1057PLYKBLUE-4XL,109011461,IRASTNIC109011461,33741626,3,,0,1,29:01.0
19498,15774,SJIT,600KL1500YKMAROON-L,97283521,KALNTOPS97283521,30234559,1,,0,1,21:18.0
19498,15774,SJIT,764KL1588PLYKBLUE-4XL,101964860,KALNKRTI101964860,31644459,1,,0,1,18:36.0
19498,15774,SJIT,108KL1266PLYKBLUE-XXL,91359940,KALNKRTA91359940,28421016,2,,0,1,52:37.0
19498,15774,SJIT,IKR1048YKBLUE-S,109040190,IRASTOPS109040190,33750538,2,,0,1,10:20.0
19498,28,SJIT,108KL1266PLYKBLUE-5XL,91359938,KALNKRTA91359938,28421016,2,,0,1,52:37.0
19498,81,SJIT,97KL1293YKCMAROON-M,117290168,KALNKRTA117290168,36683244,9,,0,1,42:57.0
19498,81,SJIT,866KL1557PLYKRED-4XL,108407863,KALNKRTI108407863,33567029,1,,0,1,17:06.0
19498,15774,SJIT,666KL1271YKPINK-S,97263773,KALNNTST97263773,30227874,1,,0,1,42:14.0
19498,28,SJIT,219KL241PLYK287BLACKRAY-4XL,92190854,KALNKRTA92190854,28697756,1,,0,1,35:07.0
19498,15774,SJIT,109KL1262YKBLACK-L,91359952,KALNKRTA91359952,28421020,2,,0,1,42:31.0
19498,81,SJIT,256KL1540YKGREEN-M,92764790,KALNKRTA92764790,28878042,1,,0,1,01:09.0
19498,36,SJIT,278KL1507PLYKPINK-5XL,92764962,KALNKRTA92764962,28878084,5,,0,1,19:05.0
19498,81,SJIT,663KL1268PLYKMULTI-4XL,97263731,KALNNTST97263731,30227864,3,,0,1,35:57.0
19498,28,SJIT,743KL1592PLYKNBLUE-8XL,101974751,KALNKRTA101974751,31647630,2,,0,1,27:27.0
19498,81,SJIT,IKR_4010DRSMULTI-M,129011031,IRASTOPS129011031,40324169,3,,0,1,57:08.0
19498,81,SJIT,98KL1293PLYKMAROON-4XL,91360090,KALNKRTA91360090,28421050,3,,0,1,11:57.0
19498,36,SJIT,256KL1540YKGREEN-XL,92764786,KALNKRTA92764786,28878042,1,,0,1,38:30.0
19498,36,SJIT,230KL167YK251BLACK-L,92191046,KALNKRTA92191046,28697792,11,,0,1,45:29.0
19498,81,SJIT,IKR301PLYK340TYEDYE-5XL,109122645,IRASTOPS109122645,33774353,2,,0,1,45:28.0
19498,36,SJIT,231KL167PLYK251BLACK-3XL,92191072,KALNKRTA92191072,28697798,3,,0,1,23:33.0
19498,81,SJIT,KL_1529PLDPT11WINE-XXL,118276469,KALNKASS118276469,36964902,1,,0,1,28:22.0
19498,36,SJIT,256KL1540YKGREEN-M,92764790,KALNKRTA92764790,28878042,1,,0,1,47:36.0
19498,81,SJIT,232KL166YK251BLUE-M,92764726,KALNKRTA92764726,28878026,10,,0,1,19:49.0
19498,15774,SJIT,601KL206PLYK324MUSTARD-5XL,97283447,KALNTOPS97283447,30234542,1,,0,1,44:19.0
19498,28,SJIT,KL_7097YKBLUE-S-M,122720852,KALNSRBL122720852,38450605,6,,0,1,06:03.0
19498,15774,SJIT,158KL1197PLYKCGREEN-4XL,118722622,KALNKRTA118722622,37107398,2,,0,1,09:46.0
19498,81,SJIT,762KL1472PLYKNGREEN-7XL,101964717,KALNKASS101964717,31644421,1,,0,1,03:45.0
19498,81,SJIT,814KL1540PLYKNGREEN-7XL,107259220,KALNKRTA107259220,33239411,1,,0,1,58:00.0
19498,81,SJIT,235KL165PLYKC251MUSTRAD-4XL,117290173,KALNKRTA117290173,36683245,4,,0,1,56:46.0
19498,15774,SJIT,257KL1540PLYKGREEN-5XL,92764868,KALNKRTA92764868,28878062,2,,0,1,15:31.0
19498,81,SJIT,664KL1268YKMULTI-M,97263732,KALNNTST97263732,30227865,3,,0,1,42:00.0
19498,36,SJIT,893KL289PLYK345YELLOW-XXL,108410066,KALNTOPS108410066,33567693,1,,0,1,27:02.0
19498,36,SJIT,97KL1293YKCMAROON-M,117290168,KALNKRTA117290168,36683244,15,,0,1,52:38.0
19498,15774,SJIT,218KL241YK287BLACKRAY-M,92190820,KALNKRTA92190820,28697748,3,,0,1,27:43.0
19498,15774,SJIT,762KL1472PLYKNGREEN-8XL,108906622,KALNKASS108906622,31644421,1,,0,1,58:47.0
19498,81,SJIT,240KL1592PLYKBLUE-XXL,92764974,KALNKRTA92764974,28878088,1,,0,1,29:43.0
19498,15774,SJIT,234KL165YK251MUSTRAD-XL,92764688,KALNKRTA92764688,28878018,20,,0,1,06:51.0
19498,15774,SJIT,IKR1293YKMAROON-L,108907854,IRASKRTA108907854,33711050,1,,0,1,06:12.0
19498,28,SJIT,240KL1592PLYKBLUE-3XL,92764982,KALNKRTA92764982,28878088,1,,0,1,29:42.0
19498,15774,SJIT,182KL9PLYK148BLACK-4XL,92190716,KALNKRTA92190716,28697726,2,,0,1,39:37.0
19498,15774,SJIT,97KL1293YKCMAROON-S,117290164,KALNKRTA117290164,36683244,5,,0,1,40:53.0
19498,15774,SJIT,KL_AK-232WHITE-M,133236283,KALNKRTA133236283,41671585,1,,0,1,25:52.0
19498,15774,SJIT,690KL5014PLYKMAROON-4XL,97349271,KALNTRSR97349271,30256955,1,,0,1,09:46.0
19498,36,SJIT,IKR188YK83NAVY-M,108401703,IRASDRSS108401703,33565206,2,,0,1,47:39.0
19498,36,SJIT,862KL1556PLYKGREEN-3XL,108407858,KALNKRTI108407858,33567028,2,,0,1,42:55.0
19498,15774,SJIT,KL_7090YKWHITE-S-M,121548861,KALNSRBL121548861,38056594,1,,0,1,29:33.0
19498,36,SJIT,173KL1112PLYKBLACK-3XL,91306240,KALNKRTA91306240,28405598,1,,0,1,14:37.0
19498,15774,SJIT,IKR1251PLYKMAROON-3XL,108891057,IRASKRTA108891057,33706422,2,,0,1,32:38.0
19498,36,SJIT,278KL1507PLYKPINK-4XL,92764964,KALNKRTA92764964,28878084,5,,0,1,16:58.0
19498,15774,SJIT,600KL1500YKMAROON-XL,97283524,KALNTOPS97283524,30234559,1,,0,1,21:18.0
19498,28,SJIT,225KL190PLYK214MEHROON-5XL,92190826,KALNKRTA92190826,28697750,3,,0,1,17:18.0
19498,36,SJIT,IKR1060YKBEIGE-S,108890497,IRASKRTA108890497,33706173,1,,0,1,52:02.0
19498,15774,SJIT,601KL206PLYK324MUSTARD-4XL,97283446,KALNTOPS97283446,30234542,1,,0,1,47:15.0
19498,36,SJIT,257KL1540PLYKGREEN-4XL,92764870,KALNKRTA92764870,28878062,2,,0,1,26:48.0
19498,81,SJIT,443KL190PLYKN214MEHROON-8XL,95150206,KALNKRTA95150206,29596642,1,,0,1,52:10.0
19498,36,SJIT,257KL1540PLYKGREEN-XXL,92764866,KALNKRTA92764866,28878062,2,,0,1,12:50.0
19498,81,SJIT,IKR1293YKMAROON-S,108907856,IRASKRTA108907856,33711050,1,,0,1,55:52.0
19498,36,SJIT,97KL1293YKCMAROON-XL,117290163,KALNKRTA117290163,36683244,10,,0,1,09:34.0
19498,36,SJIT,679KL5008YKGREEN-XL,97349222,KALNTRSR97349222,30256941,1,,0,1,12:35.0
19498,15774,SJIT,124KL1253PLYKBLACK-XXL,91359992,KALNKRTA91359992,28421028,1,,0,1,02:12.0
19498,28,SJIT,615KL318PLYK406YELLOW-4XL,97283494,KALNTOPS97283494,30234553,2,,0,1,13:32.0
19498,81,SJIT,234KL165YK251MUSTRAD-S,92764690,KALNKRTA92764690,28878018,6,,0,1,42:37.0
19498,15774,SJIT,KL_1341PLYKNGREEN-6XL,118054196,KALNKRTI118054196,36903896,2,,0,1,45:42.0
19498,28,SJIT,256KL1540YKGREEN-L,92764792,KALNKRTA92764792,28878042,1,,0,1,57:25.0
19498,15774,SJIT,KL_7097YKBLUE-S-M,122720852,KALNSRBL122720852,38450605,10,,0,1,34:41.0
19498,81,SJIT,124KL1253PLYKBLACK-5XL,91359990,KALNKRTA91359990,28421028,1,,0,1,19:06.0
19498,15774,SJIT,695KL5019YKDENIM-XL,97349292,KALNTRSR97349292,30256959,1,,0,1,54:18.0
19498,81,SJIT,IKR_1876YKMAROON-L,125624341,IRASCOORD125624341,39352272,1,,0,1,58:11.0
19498,36,SJIT,249KL1552PLYKRED-XXL,92765016,KALNKRTA92765016,28878098,1,,0,1,46:25.0
19498,81,SJIT,235KL165PLYKC251MUSTRAD-5XL,117290175,KALNKRTA117290175,36683245,5,,0,1,47:40.0
19498,28,SJIT,233KL166PLYK251BLUE-5XL,92764698,KALNKRTA92764698,28878020,4,,0,1,04:51.0
19498,36,SJIT,234KL165YK251MUSTRAD-XS,92764686,KALNKRTA92764686,28878018,6,,0,1,24:20.0
19498,36,SJIT,KL_1048PLYKNBLUE-7XL,118052574,KALNTOPS118052574,36903610,1,,0,1,06:59.0
19498,15774,SJIT,481KL1588YKBLUE-S,96091584,KALNKRTI96091584,29872844,1,,0,1,30:26.0
19498,81,SJIT,257KL1540PLYKGREEN-XXL,92764866,KALNKRTA92764866,28878062,2,,0,1,56:29.0
19498,36,SJIT,894KL289PLYKN345YELLOW-7XL,108410254,KALNTOPS108410254,33567755,1,,0,1,08:26.0
19498,15774,SJIT,816KL1127PLYKNMAROON-6XL,107258764,KALNKASS107258764,33239318,1,,0,1,34:00.0
19498,81,SJIT,188KL315PLYK251TEAL-XXL,92190898,KALNKRTA92190898,28697766,2,,0,1,53:48.0
19498,15774,SJIT,108KL1266PLYKBLUE-3XL,91359934,KALNKRTA91359934,28421016,1,,0,1,39:37.0
19498,15774,SJIT,230KL167YK251BLACK-M,92191044,KALNKRTA92191044,28697792,8,,0,1,52:57.0
19498,81,SJIT,KL_1577PLYKPINK-4XL,124435225,KALNKASS124435225,39001053,1,,0,1,56:02.0
19498,15774,SJIT,KL_1894YKGREEN-S,123892476,KALNKRTA123892476,38820776,2,,0,1,57:33.0
19498,36,SJIT,656KL1202YKBLUE-L,97263761,KALNNTST97263761,30227872,2,,0,1,08:53.0
19498,15774,SJIT,KL_165YK251MUSTRAD-6XL,120369311,KALNKRTA120369311,37646516,2,,0,1,32:34.0
19498,81,SJIT,460KL1507PLYKNPINK-7XL,95150238,KALNKRTA95150238,29596652,1,,0,1,17:26.0
19498,36,SJIT,KL_1037PLDPT19WHITE-XXL,118276386,KALNKASS118276386,36964881,1,,0,1,13:14.0
19498,15774,SJIT,KL_7097YKBLUE-3XL,122720856,KALNSRBL122720856,38450605,5,,0,1,35:11.0
19498,81,SJIT,108KL1266PLYKBLUE-5XL,91359938,KALNKRTA91359938,28421016,2,,0,1,16:25.0
19498,28,SJIT,109KL1262YKBLACK-XL,91359958,KALNKRTA91359958,28421020,2,,0,1,57:25.0
19498,36,SJIT,218KL241YK287BLACKRAY-XL,92190816,KALNKRTA92190816,28697748,1,,0,1,14:53.0
19498,81,SJIT,50KL1085PLYKPINK-4XL,88023188,KALNKRTA88023188,27324026,2,,0,1,41:57.0
19498,15774,SJIT,537KL1043YKMAROON-M,97166272,KALNTOPS97166272,30198237,1,,0,1,30:38.0
19498,15774,SJIT,IKR1096YKBLUE-M,108890634,IRASKRTA108890634,33706217,3,,0,1,55:22.0
19498,28,SJIT,187KL315YK251TEAL-M,92190924,KALNKRTA92190924,28697770,2,,0,1,13:43.0
19498,15774,SJIT,IKR_1048PLYKBLUE-5XL,125437304,IRASTOPS125437304,39287054,1,,0,1,37:11.0
19498,15774,SJIT,439KL1189PLYKMAROON-4XL,94679718,KALNKRTA94679718,29457964,1,,0,1,52:02.0
19498,28,SJIT,225KL190PLYK214MEHROON-4XL,92190828,KALNKRTA92190828,28697750,3,,0,1,48:20.0
19498,15774,SJIT,IKR1048YKBLUE-L,109040188,IRASTOPS109040188,33750538,3,,0,1,13:56.0
19498,36,SJIT,KL_AK-232WHITE-XXL,133236286,KALNKRTA133236286,41671585,2,,0,1,20:37.0
19498,28,SJIT,257KL1540PLYKGREEN-4XL,92764870,KALNKRTA92764870,28878062,3,,0,1,06:54.0
19498,36,SJIT,230KL167YK251BLACK-S,92191042,KALNKRTA92191042,28697792,1,,0,1,29:45.0
19498,28,SJIT,471KL1341PLYKGREEN-5XL,96091570,KALNKRTI96091570,29872841,1,,0,1,44:29.0
19498,36,SJIT,195KL311YK148BBNDJ-XL,92190964,KALNKRTA92190964,28697778,1,,0,1,05:58.0
19498,36,SJIT,109KL1262YKBLACK-M,91359954,KALNKRTA91359954,28421020,1,,0,1,08:19.0
19498,15774,SJIT,IKR_1876YKMAROON-XL,125624342,IRASCOORD125624342,39352272,2,,0,1,00:45.0
19498,36,SJIT,IKR_1391PLYKNBLUE-7XL,122627975,IRASKRTA122627975,38424268,1,,0,1,34:09.0
19498,36,SJIT,743KL1592PLYKNBLUE-7XL,101974750,KALNKRTA101974750,31647630,3,,0,1,14:51.0
19498,15774,SJIT,IKR1293YKMAROON-XL,108907857,IRASKRTA108907857,33711050,1,,0,1,24:24.0
19498,36,SJIT,257KL1540PLYKGREEN-5XL,92764868,KALNKRTA92764868,28878062,2,,0,1,30:46.0
19498,81,SJIT,867KL1557YKRED-XL,108407880,KALNKRTI108407880,33567033,1,,0,1,50:23.0
19498,15774,SJIT,KL_7079YKWHITE-L-XL,123159845,KALNSRBL123159845,38566828,1,,0,1,35:07.0
19498,36,SJIT,252KL1548YKPINK-M,92764822,KALNKRTA92764822,28878050,1,,0,1,07:10.0
19498,36,SJIT,864KL1556YKGREEN-XS,108407857,KALNKRTI108407857,33567027,1,,0,1,45:22.0
19498,36,SJIT,110KL1262PLYKBLACK-XXL,91359974,KALNKRTA91359974,28421024,2,,0,1,36:56.0
19498,81,SJIT,762KL1472PLYKNGREEN-8XL,108906622,KALNKASS108906622,31644421,1,,0,1,22:39.0
19498,36,SJIT,IKR_4010DRSMULTI-L,129011032,IRASTOPS129011032,40324169,2,,0,1,38:41.0
19498,36,SJIT,233KL166PLYK251BLUE-3XL,92764702,KALNKRTA92764702,28878020,2,,0,1,23:33.0
19498,36,SJIT,864KL1556YKGREEN-S,108407855,KALNKRTI108407855,33567027,1,,0,1,56:44.0
19498,15774,SJIT,KL_1901PLYKBLUE-4XL,125191906,KALNNTST125191906,39223203,1,,0,1,31:58.0
19498,81,SJIT,230KL167YK251BLACK-M,92191044,KALNKRTA92191044,28697792,6,,0,1,16:11.0
19498,81,SJIT,234KL165YK251MUSTRAD-L,92764694,KALNKRTA92764694,28878018,17,,0,1,20:49.0
19498,36,SJIT,KL_1894PLYKGREEN-3XL,123892472,KALNKRTA123892472,38820775,1,,0,1,42:51.0
19498,36,SJIT,IKR_1391PLYKNBLUE-6XL,122627974,IRASKRTA122627974,38424268,2,,0,1,14:16.0
19498,15774,SJIT,KL_1901YKBLUE-XL,125191898,KALNNTST125191898,39223201,1,,0,1,28:34.0
19498,36,SJIT,IKR1293PLYKNMAROON-7XL,108908026,IRASKRTA108908026,33711088,1,,0,1,37:49.0
19498,81,SJIT,219KL241PLYK287BLACKRAY-XXL,92190850,KALNKRTA92190850,28697756,4,,0,1,27:21.0
19498,36,SJIT,KL_1577PLYKPINK-3XL,124435224,KALNKASS124435224,39001053,1,,0,1,56:35.0
19498,15774,SJIT,IKR289PLYKN345YELLOW-8XL,113175923,IRASTOPS113175923,35282555,1,,0,1,30:38.0
19498,81,SJIT,IKR_1048PLYKNBLUE-8XL,125437300,IRASTOPS125437300,39287053,1,,0,1,56:36.0
19498,36,SJIT,IKR1532YKBLUE-XS,109011062,IRASKRTI109011062,33741532,1,,0,1,00:00.0
19498,15774,SJIT,IKR1293PLYKMAROON-5XL,108907910,IRASKRTA108907910,33711062,2,,0,1,51:36.0
19498,15774,SJIT,98KL1293PLYKMAROON-3XL,91360088,KALNKRTA91360088,28421050,3,,0,1,52:37.0
19498,15774,SJIT,109KL1262YKBLACK-M,91359954,KALNKRTA91359954,28421020,2,,0,1,33:52.0
19498,36,SJIT,664KL1268YKMULTI-L,97263729,KALNNTST97263729,30227865,3,,0,1,08:53.0
19498,28,SJIT,239KL1592YKBLUE-XL,92764762,KALNKRTA92764762,28878036,2,,0,1,30:43.0
19498,15774,SJIT,97KL1293YKCMAROON-XS,117290165,KALNKRTA117290165,36683244,5,,0,1,40:53.0
19498,36,SJIT,50KL1085PLYKPINK-4XL,88023188,KALNKRTA88023188,27324026,2,,0,1,54:43.0
19498,81,SJIT,IKR301PLYK340TYEDYE-XXL,109122646,IRASTOPS109122646,33774353,2,,0,1,34:36.0
19498,81,SJIT,107KL1266YKCBLUE-S,118722552,KALNKRTA118722552,37107382,2,,0,1,41:42.0
19498,28,SJIT,187KL315YK251TEAL-L,92190926,KALNKRTA92190926,28697770,2,,0,1,33:50.0
19498,36,SJIT,281KL1498YKGREEN-M,92764912,KALNKRTA92764912,28878072,1,,0,1,36:38.0
19498,28,SJIT,KL_7097YKBLUE-XXL,122720855,KALNSRBL122720855,38450605,1,,0,1,24:03.0
19498,81,SJIT,864KL1556YKGREEN-XL,108407856,KALNKRTI108407856,33567027,2,,0,1,27:48.0
19498,36,SJIT,KL_167PLYKN251BLACK-6XL,118060365,KALNKRTA118060365,36905711,1,,0,1,07:44.0
19498,81,SJIT,225KL190PLYK214MEHROON-5XL,92190826,KALNKRTA92190826,28697750,2,,0,1,16:32.0
19498,36,SJIT,KL_7097YKBLUE-3XL,122720856,KALNSRBL122720856,38450605,4,,0,1,23:33.0
19498,36,SJIT,862KL1556PLYKGREEN-XXL,108407861,KALNKRTI108407861,33567028,2,,0,1,36:12.0
19498,36,SJIT,109KL1262YKBLACK-S,91359956,KALNKRTA91359956,28421020,1,,0,1,39:53.0
19498,81,SJIT,218KL241YK287BLACKRAY-XS,92190814,KALNKRTA92190814,28697748,2,,0,1,23:27.0
19498,81,SJIT,234KL165YK251MUSTRAD-M,92764692,KALNKRTA92764692,28878018,13,,0,1,18:02.0
19498,36,SJIT,444KL224PLYK148BNDJ-3XL,95150358,KALNKRTA95150358,29596686,1,,0,1,01:51.0
19498,15774,SJIT,187KL315YK251TEAL-S,92190922,KALNKRTA92190922,28697770,2,,0,1,44:00.0
19498,81,SJIT,IKR_AK-226INDIGO-4XL,129011045,IRASTOPS129011045,40324171,1,,0,1,46:42.0
19498,36,SJIT,KL_AK-232WHITE-M,133236283,KALNKRTA133236283,41671585,1,,0,1,59:35.0
19498,15774,SJIT,KL_1048PLYKNBLUE-6XL,118052573,KALNTOPS118052573,36903610,1,,0,1,59:28.0
19498,15774,SJIT,196KL311PLYK148BBNDJ-3XL,92191142,KALNKRTA92191142,28697812,2,,0,1,33:52.0
19498,15774,SJIT,189KL314YK411RED-XL,92190942,KALNKRTA92190942,28697774,1,,0,1,25:34.0
19498,81,SJIT,IKR237PLYK345PINK-3XL,109122397,IRASTOPS109122397,33774189,1,,0,1,01:20.0
19498,81,SJIT,239KL1592YKBLUE-XL,92764762,KALNKRTA92764762,28878036,2,,0,1,56:54.0
19498,81,SJIT,IKR1532PLYKNBLUE-8XL,113177527,IRASKRTI113177527,35283168,2,,0,1,32:12.0
19498,81,SJIT,209KL275PLYK146MULTI-5XL,92191116,KALNKRTA92191116,28697808,1,,0,1,43:09.0
19498,15774,SJIT,579KL1348YKMULTI-XXL,97165970,KALNTOPS97165970,30198095,3,,0,1,30:38.0
19498,81,SJIT,230KL167YK251BLACK-XS,92191038,KALNKRTA92191038,28697792,1,,0,1,22:42.0
19498,28,SJIT,232KL166YK251BLUE-L,92764728,KALNKRTA92764728,28878026,5,,0,1,52:38.0
19498,15774,SJIT,224KL190YK214MEHROON-M,92190810,KALNKRTA92190810,28697746,3,,0,1,33:52.0
19498,15774,SJIT,443KL190PLYKN214MEHROON-8XL,95150206,KALNKRTA95150206,29596642,2,,0,1,20:11.0
19498,15774,SJIT,759KL206PLYKN324MUSTARD-8XL,101968753,KALNTOPS101968753,31645458,1,,0,1,55:11.0
19498,15774,SJIT,68KL1472YKGREEN-L,88497158,KALNKASS88497158,27468290,1,,0,1,46:58.0
19498,81,SJIT,218KL241YK287BLACKRAY-M,92190820,KALNKRTA92190820,28697748,4,,0,1,19:49.0
19498,81,SJIT,764KL1588PLYKBLUE-3XL,101964859,KALNKRTI101964859,31644459,1,,0,1,42:32.0
19498,15774,SJIT,601KL206PLYK324MUSTARD-3XL,97283445,KALNTOPS97283445,30234542,1,,0,1,36:59.0
19498,36,SJIT,240KL1592PLYKBLUE-XXL,92764974,KALNKRTA92764974,28878088,3,,0,1,22:51.0
19498,36,SJIT,664KL1268YKMULTI-S,97263735,KALNNTST97263735,30227865,3,,0,1,08:53.0
19498,36,SJIT,IKR1057PLYKBLUE-3XL,109011460,IRASTNIC109011460,33741626,3,,0,1,52:12.0
19498,36,SJIT,231KL167PLYK251BLACK-5XL,92191068,KALNKRTA92191068,28697798,4,,0,1,56:47.0
19498,15774,SJIT,IKR_1876YKMAROON-L,125624341,IRASCOORD125624341,39352272,1,,0,1,12:34.0
19498,81,SJIT,437KL1189YKCMAROON-S,117290148,KALNKRTA117290148,36683240,1,,0,1,15:34.0
19498,36,SJIT,235KL165PLYKC251MUSTRAD-4XL,117290173,KALNKRTA117290173,36683245,5,,0,1,19:05.0
19498,36,SJIT,IKR289YK345YELLOW-L,109122723,IRASTOPS109122723,33774381,2,,0,1,03:55.0
19498,81,SJIT,KL_7090YKWHITE-S-M,121548861,KALNSRBL121548861,38056594,1,,0,1,23:40.0
19498,81,SJIT,110KL1262PLYKBLACK-3XL,91359968,KALNKRTA91359968,28421024,2,,0,1,35:11.0
19498,28,SJIT,235KL165PLYKC251MUSTRAD-3XL,117290174,KALNKRTA117290174,36683245,10,,0,1,48:05.0
19498,15774,SJIT,230KL167YK251BLACK-L,92191046,KALNKRTA92191046,28697792,7,,0,1,36:02.0
19498,81,SJIT,232KL166YK251BLUE-S,92764724,KALNKRTA92764724,28878026,10,,0,1,41:42.0
19498,36,SJIT,KL_1892YKMULTI-4XL,125129759,KALNKASS125129759,39204373,1,,0,1,51:23.0
19498,28,SJIT,109KL1262YKBLACK-S,91359956,KALNKRTA91359956,28421020,2,,0,1,12:30.0
19498,81,SJIT,663KL1268PLYKMULTI-XXL,97263737,KALNNTST97263737,30227864,3,,0,1,16:20.0
19498,15774,SJIT,182KL9PLYK148BLACK-5XL,92190712,KALNKRTA92190712,28697726,2,,0,1,50:47.0
19498,81,SJIT,601KL206PLYK324MUSTARD-4XL,97283446,KALNTOPS97283446,30234542,1,,0,1,46:14.0
19498,28,SJIT,235KL165PLYKC251MUSTRAD-4XL,117290173,KALNKRTA117290173,36683245,5,,0,1,10:44.0
19498,15774,SJIT,KL_1577PLYKNPINK-7XL,124435221,KALNKASS124435221,39001052,1,,0,1,07:25.0
19498,36,SJIT,IKR1532PLYKNBLUE-8XL,113177527,IRASKRTI113177527,35283168,1,,0,1,23:30.0
19498,15774,SJIT,IKR1293YKMAROON-XS,108907858,IRASKRTA108907858,33711050,2,,0,1,19:03.0
19498,28,SJIT,232KL166YK251BLUE-S,92764724,KALNKRTA92764724,28878026,8,,0,1,23:18.0
19498,15774,SJIT,235KL165PLYKC251MUSTRAD-4XL,117290173,KALNKRTA117290173,36683245,6,,0,1,46:19.0
19498,15774,SJIT,190KL314PLYKN411RED-8XL,92190890,KALNKRTA92190890,28697764,1,,0,1,20:10.0
19498,15774,SJIT,249KL1552PLYKRED-XXL,92765016,KALNKRTA92765016,28878098,1,,0,1,37:21.0
19498,15774,SJIT,864KL1556YKGREEN-XS,108407857,KALNKRTI108407857,33567027,1,,0,1,31:48.0
19498,36,SJIT,893KL289PLYK345YELLOW-5XL,108410065,KALNTOPS108410065,33567693,1,,0,1,27:57.0
19498,28,SJIT,110KL1262PLYKBLACK-XXL,91359974,KALNKRTA91359974,28421024,2,,0,1,30:43.0
19498,36,SJIT,601KL206PLYK324MUSTARD-3XL,97283445,KALNTOPS97283445,30234542,1,,0,1,54:38.0
19498,81,SJIT,249KL1552PLYKRED-XXL,92765016,KALNKRTA92765016,28878098,1,,0,1,50:28.0
19498,81,SJIT,239KL1592YKBLUE-L,92764768,KALNKRTA92764768,28878036,2,,0,1,41:44.0
19498,81,SJIT,IKR1057YKBLUE-XS,109011445,IRASTNIC109011445,33741622,2,,0,1,12:23.0
19498,81,SJIT,895KL289YK345YELLOW-XL,108410074,KALNTOPS108410074,33567696,1,,0,1,14:15.0
19498,36,SJIT,666KL1271YKPINK-S,97263773,KALNNTST97263773,30227874,1,,0,1,34:05.0
19498,36,SJIT,481KL1588YKBLUE-M,96091582,KALNKRTI96091582,29872844,1,,0,1,02:50.0
19498,15774,SJIT,690KL5014PLYKMAROON-5XL,97349272,KALNTRSR97349272,30256955,1,,0,1,11:42.0
19498,81,SJIT,235KL165PLYKC251MUSTRAD-XXL,117290172,KALNKRTA117290172,36683245,12,,0,1,20:44.0
19498,15774,SJIT,281KL1498YKGREEN-M,92764912,KALNKRTA92764912,28878072,1,,0,1,29:33.0
19498,15774,SJIT,181KL9YK148BLACK-XL,92190726,KALNKRTA92190726,28697728,2,,0,1,21:38.0
19498,15774,SJIT,IKR1048YKBLUE-XS,129029071,IRASTOPS129029071,33750538,2,,0,1,18:16.0
19498,81,SJIT,172KL1112YKBLACK-S,90338470,KALNKRTA90338470,28074528,1,,0,1,44:27.0
19498,28,SJIT,208KL275YK146MULTI-M,92191130,KALNKRTA92191130,28697810,2,,0,1,13:43.0
19498,28,SJIT,209KL275PLYK146MULTI-XXL,92191114,KALNKRTA92191114,28697808,2,,0,1,22:36.0
19498,36,SJIT,600KL1500YKMAROON-XS,97283525,KALNTOPS97283525,30234559,1,,0,1,21:18.0
19498,81,SJIT,225KL190PLYK214MEHROON-4XL,92190828,KALNKRTA92190828,28697750,2,,0,1,54:55.0
19498,36,SJIT,864KL1556YKGREEN-XL,108407856,KALNKRTI108407856,33567027,1,,0,1,08:36.0
19498,28,SJIT,109KL1262YKBLACK-L,91359952,KALNKRTA91359952,28421020,2,,0,1,57:25.0
19498,28,SJIT,862KL1556PLYKGREEN-XXL,108407861,KALNKRTI108407861,33567028,2,,0,1,15:01.0
19498,15774,SJIT,600KL1500YKMAROON-M,97283522,KALNTOPS97283522,30234559,1,,0,1,21:18.0
19498,36,SJIT,IKR67YK83INDIGO-XS,111690730,IRASDRSS111690730,33565233,1,,0,1,12:57.0
19498,81,SJIT,KL_7097YKBLUE-S-M,122720852,KALNSRBL122720852,38450605,10,,0,1,55:40.0
19498,15774,SJIT,471KL1341PLYKGREEN-4XL,96091569,KALNKRTI96091569,29872841,1,,0,1,35:32.0
19498,36,SJIT,IKR1557YKRED-S,109011074,IRASKRTI109011074,33741535,1,,0,1,07:37.0
19498,28,SJIT,240KL1592PLYKBLUE-4XL,92764980,KALNKRTA92764980,28878088,1,,0,1,02:35.0
19498,81,SJIT,257KL1540PLYKGREEN-5XL,92764868,KALNKRTA92764868,28878062,3,,0,1,11:57.0
19498,81,SJIT,252KL1548YKPINK-L,92764824,KALNKRTA92764824,28878050,1,,0,1,52:11.0
19498,15774,SJIT,69KL1472PLYKGREEN-5XL,88497214,KALNKASS88497214,27468304,1,,0,1,44:04.0
19498,81,SJIT,182KL9PLYK148BLACK-5XL,92190712,KALNKRTA92190712,28697726,2,,0,1,01:46.0
19498,36,SJIT,119KL1255YKMAROON-M,89286482,KALNKRTA89286482,27738664,1,,0,1,19:52.0
19498,15774,SJIT,IKR190YK214MEHROON-XS,108912384,IRASKRTA108912384,33712503,1,,0,1,10:20.0
19498,36,SJIT,IKR67YK83INDIGO-XL,108401824,IRASDRSS108401824,33565233,1,,0,1,40:26.0
19498,15774,SJIT,IKR1258PLYKNWHITE-7XL,108907886,IRASKRTA108907886,33711056,1,,0,1,19:52.0
19498,15774,SJIT,110KL1262PLYKBLACK-5XL,91359972,KALNKRTA91359972,28421024,1,,0,1,26:51.0
19498,28,SJIT,240KL1592PLYKBLUE-5XL,92764978,KALNKRTA92764978,28878088,1,,0,1,19:30.0
19498,81,SJIT,IKR1532YKBLUE-L,109011056,IRASKRTI109011056,33741532,2,,0,1,02:51.0
19498,36,SJIT,460KL1507PLYKNPINK-8XL,95150242,KALNKRTA95150242,29596652,1,,0,1,03:34.0
19498,36,SJIT,IKR_1048PLYKNBLUE-6XL,125437298,IRASTOPS125437298,39287053,2,,0,1,14:16.0
19498,81,SJIT,731KL1112PLYKNBLACK-8XL,101974809,KALNKRTA101974809,31647652,1,,0,1,50:23.0
19498,81,SJIT,866KL1557PLYKRED-XXL,108407865,KALNKRTI108407865,33567029,2,,0,1,25:46.0
19498,36,SJIT,601KL206PLYK324MUSTARD-4XL,97283446,KALNTOPS97283446,30234542,1,,0,1,59:00.0
19498,15774,SJIT,663KL1268PLYKMULTI-3XL,97263728,KALNNTST97263728,30227864,3,,0,1,45:20.0
19498,81,SJIT,196KL311PLYK148BBNDJ-XXL,92191134,KALNKRTA92191134,28697812,1,,0,1,45:23.0
19498,36,SJIT,125KL1252YKGREEN-M,89286510,KALNKRTA89286510,27738670,1,,0,1,19:53.0
19498,81,SJIT,601KL206PLYK324MUSTARD-5XL,97283447,KALNTOPS97283447,30234542,1,,0,1,59:58.0
19498,15774,SJIT,252KL1548YKPINK-XL,92764818,KALNKRTA92764818,28878050,1,,0,1,59:55.0
19498,15774,SJIT,665KL1271PLYKPINK-4XL,97263733,KALNNTST97263733,30227866,2,,0,1,28:38.0
19498,15774,SJIT,237KL1593YKGREEN-S,92764748,KALNKRTA92764748,28878032,1,,0,1,49:38.0
19498,15774,SJIT,KL_1576PLYKNGREEN-6XL,124435209,KALNKASS124435209,39001049,1,,0,1,48:21.0
19498,15774,SJIT,IKR1057YKBLUE-L,109011441,IRASTNIC109011441,33741622,2,,0,1,19:13.0
19498,28,SJIT,KL_7097YKBLUE-3XL,122720856,KALNSRBL122720856,38450605,4,,0,1,21:55.0
19498,36,SJIT,196KL311PLYK148BBNDJ-3XL,92191142,KALNKRTA92191142,28697812,1,,0,1,59:09.0
19498,36,SJIT,IKR237PLYK345PINK-4XL,109122398,IRASTOPS109122398,33774189,2,,0,1,36:20.0
19498,36,SJIT,664KL1268YKMULTI-M,97263732,KALNNTST97263732,30227865,3,,0,1,08:53.0
19498,15774,SJIT,472KL1341YKGREEN-M,96091620,KALNKRTI96091620,29872852,1,,0,1,28:50.0
19498,81,SJIT,IKR_1048PLYKBLUE-4XL,125437303,IRASTOPS125437303,39287054,1,,0,1,30:01.0
19498,15774,SJIT,278KL1507PLYKPINK-XXL,92764960,KALNKRTA92764960,28878084,5,,0,1,35:06.0
19498,28,SJIT,235KL165PLYKC251MUSTRAD-5XL,117290175,KALNKRTA117290175,36683245,3,,0,1,27:11.0
19498,15774,SJIT,444KL224PLYK148BNDJ-5XL,95150362,KALNKRTA95150362,29596686,1,,0,1,21:45.0
19498,81,SJIT,108KL1266PLYKBLUE-XXL,91359940,KALNKRTA91359940,28421016,3,,0,1,07:50.0
19498,81,SJIT,894KL289PLYKN345YELLOW-6XL,108410253,KALNTOPS108410253,33567755,1,,0,1,42:25.0
19498,36,SJIT,444KL224PLYK148BNDJ-4XL,95150360,KALNKRTA95150360,29596686,3,,0,1,59:00.0
19498,81,SJIT,219KL241PLYK287BLACKRAY-4XL,92190854,KALNKRTA92190854,28697756,2,,0,1,45:57.0
19498,36,SJIT,862KL1556PLYKGREEN-4XL,108407859,KALNKRTI108407859,33567028,3,,0,1,16:58.0
19498,36,SJIT,232KL166YK251BLUE-XS,92764720,KALNKRTA92764720,28878026,5,,0,1,46:02.0
19498,81,SJIT,460KL1507PLYKNPINK-8XL,95150242,KALNKRTA95150242,29596652,2,,0,1,16:25.0
19498,36,SJIT,615KL318PLYK406YELLOW-5XL,97283495,KALNTOPS97283495,30234553,5,,0,1,19:05.0
19498,36,SJIT,248KL1552YKRED-L,92764800,KALNKRTA92764800,28878044,1,,0,1,20:08.0
19498,81,SJIT,656KL1202YKBLUE-L,97263761,KALNNTST97263761,30227872,2,,0,1,42:00.0
19498,36,SJIT,KL_165YK251MUSTRAD-8XL,120369314,KALNKRTA120369314,37646516,2,,0,1,07:14.0
19498,36,SJIT,KL_1894YKGREEN-S,123892476,KALNKRTA123892476,38820776,4,,0,1,47:36.0
19498,36,SJIT,KL_1577PLYKPINK-XXL,124435223,KALNKASS124435223,39001053,1,,0,1,15:11.0
19498,81,SJIT,KL_1529DPT11WINE-XL,118276476,KALNKASS118276476,36964903,1,,0,1,02:30.0
19498,81,SJIT,IKR_AK-226INDIGO-XXL,129011038,IRASTOPS129011038,40324171,4,,0,1,22:07.0
19498,15774,SJIT,KL_1894PLYKGREEN-3XL,123892472,KALNKRTA123892472,38820775,1,,0,1,15:39.0
19498,15774,SJIT,208KL275YK146MULTI-XL,92191126,KALNKRTA92191126,28697810,2,,0,1,16:32.0
19498,15774,SJIT,209KL275PLYK146MULTI-XXL,92191114,KALNKRTA92191114,28697808,1,,0,1,06:18.0
19498,15774,SJIT,IKR1258YKWHITE-S,108907978,IRASKRTA108907978,33711078,2,,0,1,04:01.0
19498,81,SJIT,IKR1771PLYKDGREEN-XXL,103049845,IRASKASS103049845,32008834,2,,0,1,34:36.0
19498,81,SJIT,KL_165YK251MUSTRAD-8XL,120369314,KALNKRTA120369314,37646516,1,,0,1,06:05.0
19498,81,SJIT,256KL1540YKGREEN-S,92764788,KALNKRTA92764788,28878042,1,,0,1,44:26.0
19498,15774,SJIT,IKR1048YKBLUE-XL,109040191,IRASTOPS109040191,33750538,2,,0,1,33:14.0
19498,36,SJIT,IKR1293YKMAROON-S,108907856,IRASKRTA108907856,33711050,2,,0,1,21:02.0
19498,81,SJIT,IKR1057YKBLUE-L,109011441,IRASTNIC109011441,33741622,1,,0,1,42:09.0
19498,15774,SJIT,233KL166PLYK251BLUE-5XL,92764698,KALNKRTA92764698,28878020,5,,0,1,45:42.0
19498,36,SJIT,KL_1576PLYKGREEN-5XL,124435215,KALNKASS124435215,39001050,2,,0,1,40:56.0
19498,36,SJIT,124KL1253PLYKBLACK-5XL,91359990,KALNKRTA91359990,28421028,1,,0,1,10:43.0
19498,36,SJIT,472KL1341YKGREEN-XL,96091622,KALNKRTI96091622,29872852,1,,0,1,40:28.0
19498,15774,SJIT,195KL311YK148BBNDJ-L,92190970,KALNKRTA92190970,28697778,1,,0,1,37:17.0
19498,36,SJIT,248KL1552YKRED-S,92764796,KALNKRTA92764796,28878044,1,,0,1,45:31.0
19498,15774,SJIT,208KL275YK146MULTI-M,92191130,KALNKRTA92191130,28697810,2,,0,1,19:56.0
19498,15774,SJIT,894KL289PLYKN345YELLOW-8XL,108410255,KALNTOPS108410255,33567755,1,,0,1,40:14.0
19498,81,SJIT,278KL1507PLYKPINK-XXL,92764960,KALNKRTA92764960,28878084,5,,0,1,30:04.0
19498,15774,SJIT,231KL167PLYK251BLACK-5XL,92191068,KALNKRTA92191068,28697798,5,,0,1,27:08.0
19498,36,SJIT,471KL1341PLYKGREEN-5XL,96091570,KALNKRTI96091570,29872841,2,,0,1,03:48.0
19498,36,SJIT,864KL1556YKGREEN-M,108407854,KALNKRTI108407854,33567027,1,,0,1,40:14.0
19498,15774,SJIT,224KL190YK214MEHROON-L,92190812,KALNKRTA92190812,28697746,2,,0,1,53:23.0
19498,36,SJIT,537KL1043YKMAROON-L,97166270,KALNTOPS97166270,30198237,1,,0,1,23:29.0
19498,15774,SJIT,219KL241PLYK287BLACKRAY-XXL,92190850,KALNKRTA92190850,28697756,9,,0,1,49:47.0
19498,36,SJIT,182KL9PLYK148BLACK-5XL,92190712,KALNKRTA92190712,28697726,2,,0,1,31:37.0
19498,15774,SJIT,615KL318PLYK406YELLOW-XXL,97283496,KALNTOPS97283496,30234553,2,,0,1,52:37.0
19498,28,SJIT,KL_165YK251MUSTRAD-6XL,120369311,KALNKRTA120369311,37646516,2,,0,1,02:57.0
19498,36,SJIT,814KL1540PLYKNGREEN-8XL,107259221,KALNKRTA107259221,33239411,2,,0,1,02:39.0
19498,15774,SJIT,IKR1532PLYKNBLUE-8XL,113177527,IRASKRTI113177527,35283168,2,,0,1,05:58.0
19498,15774,SJIT,KL_167PLYKN251BLACK-7XL,118060366,KALNKRTA118060366,36905711,1,,0,1,32:51.0
19498,81,SJIT,KL_7097YKBLUE-XXL,122720855,KALNSRBL122720855,38450605,4,,0,1,56:54.0
19498,15774,SJIT,IKR1251PLYKMAROON-4XL,108891058,IRASKRTA108891058,33706422,2,,0,1,32:38.0
19498,15774,SJIT,240KL1592PLYKBLUE-3XL,92764982,KALNKRTA92764982,28878088,3,,0,1,36:54.0
19498,81,SJIT,195KL311YK148BBNDJ-L,92190970,KALNKRTA92190970,28697778,1,,0,1,24:50.0
19498,15774,SJIT,110KL1262PLYKBLACK-3XL,91359968,KALNKRTA91359968,28421024,1,,0,1,09:11.0
19498,15774,SJIT,IKR1293PLYKMAROON-4XL,108907909,IRASKRTA108907909,33711062,2,,0,1,10:34.0
19498,36,SJIT,234KL165YK251MUSTRAD-S,92764690,KALNKRTA92764690,28878018,13,,0,1,05:36.0
19498,81,SJIT,893KL289PLYK345YELLOW-4XL,108410064,KALNTOPS108410064,33567693,1,,0,1,21:25.0
19498,36,SJIT,IKR289YK345YELLOW-M,109122724,IRASTOPS109122724,33774381,1,,0,1,35:35.0
19498,28,SJIT,208KL275YK146MULTI-L,92191132,KALNKRTA92191132,28697810,1,,0,1,23:19.0
19498,15774,SJIT,239KL1592YKBLUE-XL,92764762,KALNKRTA92764762,28878036,2,,0,1,28:31.0
19498,36,SJIT,IKR1258YKWHITE-M,108907977,IRASKRTA108907977,33711078,1,,0,1,54:11.0
19498,81,SJIT,181KL9YK148BLACK-L,92190732,KALNKRTA92190732,28697728,2,,0,1,24:49.0
19498,15774,SJIT,KL_AK-232WHITE-L,133236284,KALNKRTA133236284,41671585,1,,0,1,34:19.0
19498,15774,SJIT,KL_1901PLYKBLUE-XXL,125191903,KALNNTST125191903,39223203,1,,0,1,28:34.0
19498,81,SJIT,252KL1548YKPINK-M,92764822,KALNKRTA92764822,28878050,1,,0,1,59:14.0
19498,28,SJIT,615KL318PLYK406YELLOW-XXL,97283496,KALNTOPS97283496,30234553,2,,0,1,22:36.0
19498,15774,SJIT,218KL241YK287BLACKRAY-XS,92190814,KALNKRTA92190814,28697748,2,,0,1,02:15.0
19498,15774,SJIT,894KL289PLYKN345YELLOW-6XL,108410253,KALNTOPS108410253,33567755,1,,0,1,44:19.0
19498,36,SJIT,665KL1271PLYKPINK-3XL,97263730,KALNNTST97263730,30227866,2,,0,1,34:05.0
19498,28,SJIT,KL_7097YKBLUE-L-XL,122720854,KALNSRBL122720854,38450605,7,,0,1,33:41.0
19498,81,SJIT,109KL1262YKBLACK-M,91359954,KALNKRTA91359954,28421020,1,,0,1,35:39.0
19498,28,SJIT,232KL166YK251BLUE-XS,92764720,KALNKRTA92764720,28878026,5,,0,1,15:29.0
19498,15774,SJIT,IKR1057PLYKBLUE-4XL,109011461,IRASTNIC109011461,33741626,3,,0,1,30:46.0
19498,36,SJIT,182KL9PLYK148BLACK-4XL,92190716,KALNKRTA92190716,28697726,2,,0,1,54:38.0
19498,81,SJIT,600KL1500YKMAROON-M,97283522,KALNTOPS97283522,30234559,1,,0,1,21:18.0
19498,15774,SJIT,181KL9YK148BLACK-L,92190732,KALNKRTA92190732,28697728,1,,0,1,15:41.0
19498,81,SJIT,248KL1552YKRED-S,92764796,KALNKRTA92764796,28878044,1,,0,1,55:50.0
19498,81,SJIT,893KL289PLYK345YELLOW-XXL,108410066,KALNTOPS108410066,33567693,1,,0,1,50:28.0
19498,81,SJIT,IKR1048YKBLUE-S,109040190,IRASTOPS109040190,33750538,2,,0,1,12:23.0
19498,28,SJIT,743KL1592PLYKNBLUE-7XL,101974750,KALNKRTA101974750,31647630,3,,0,1,13:39.0
19498,15774,SJIT,664KL1268YKMULTI-L,97263729,KALNNTST97263729,30227865,2,,0,1,28:34.0
19498,36,SJIT,110KL1262PLYKBLACK-3XL,91359968,KALNKRTA91359968,28421024,2,,0,1,22:51.0
19498,81,SJIT,KL_1901PLYKBLUE-5XL,125191907,KALNNTST125191907,39223203,2,,0,1,53:59.0
19498,81,SJIT,KL_1901PLYKBLUE-3XL,125191904,KALNNTST125191904,39223203,1,,0,1,06:38.0
19498,15774,SJIT,IKR67YK83INDIGO-L,108401821,IRASDRSS108401821,33565233,2,,0,1,57:53.0
19498,28,SJIT,97KL1293YKCMAROON-M,117290168,KALNKRTA117290168,36683244,6,,0,1,40:01.0
19498,15774,SJIT,235KL165PLYKC251MUSTRAD-3XL,117290174,KALNKRTA117290174,36683245,14,,0,1,11:28.0
19498,15774,SJIT,IKR_AK-226INDIGO-4XL,129011045,IRASTOPS129011045,40324171,3,,0,1,32:38.0
19498,36,SJIT,663KL1268PLYKMULTI-3XL,97263728,KALNNTST97263728,30227864,1,,0,1,47:04.0
19498,15774,SJIT,864KL1556YKGREEN-XL,108407856,KALNKRTI108407856,33567027,3,,0,1,05:09.0
19498,81,SJIT,IKR1557YKRED-XS,109011076,IRASKRTI109011076,33741535,1,,0,1,02:29.0
19498,15774,SJIT,IKR1532YKBLUE-XS,109011062,IRASKRTI109011062,33741532,1,,0,1,10:20.0
19498,81,SJIT,471KL1341PLYKGREEN-3XL,96091568,KALNKRTI96091568,29872841,2,,0,1,30:04.0
19498,81,SJIT,814KL1540PLYKNGREEN-6XL,107259219,KALNKRTA107259219,33239411,2,,0,1,10:15.0
19498,36,SJIT,187KL315YK251TEAL-M,92190924,KALNKRTA92190924,28697770,2,,0,1,10:39.0
19498,28,SJIT,862KL1556PLYKGREEN-3XL,108407858,KALNKRTI108407858,33567028,3,,0,1,27:31.0
19498,81,SJIT,471KL1341PLYKGREEN-5XL,96091570,KALNKRTI96091570,29872841,2,,0,1,16:25.0
19498,81,SJIT,IKR1060YKBEIGE-S,108890497,IRASKRTA108890497,33706173,2,,0,1,17:55.0
19498,28,SJIT,257KL1540PLYKGREEN-3XL,92764872,KALNKRTA92764872,28878062,2,,0,1,27:31.0
19498,36,SJIT,IKR_1876YKMAROON-XXL,125624343,IRASCOORD125624343,39352272,1,,0,1,57:20.0
19498,36,SJIT,232KL166YK251BLUE-L,92764728,KALNKRTA92764728,28878026,10,,0,1,18:17.0
19498,36,SJIT,IKR1048YKBLUE-M,109040189,IRASTOPS109040189,33750538,2,,0,1,53:03.0
19498,81,SJIT,IKR_1048PLYKBLUE-XXL,125437301,IRASTOPS125437301,39287054,2,,0,1,57:53.0
19498,15774,SJIT,IKR289YK345YELLOW-L,109122723,IRASTOPS109122723,33774381,2,,0,1,30:38.0
19498,36,SJIT,257KL1540PLYKGREEN-3XL,92764872,KALNKRTA92764872,28878062,2,,0,1,22:51.0
19498,81,SJIT,IKR1258YKWHITE-XS,108907980,IRASKRTA108907980,33711078,2,,0,1,12:23.0
19498,15774,SJIT,IKR1293PLYKMAROON-XXL,108907911,IRASKRTA108907911,33711062,2,,0,1,05:04.0
19498,36,SJIT,IKR_1048PLYKNBLUE-7XL,125437299,IRASTOPS125437299,39287053,1,,0,1,02:36.0
19498,28,SJIT,256KL1540YKGREEN-S,92764788,KALNKRTA92764788,28878042,1,,0,1,12:31.0
19498,15774,SJIT,862KL1556PLYKGREEN-5XL,108407860,KALNKRTI108407860,33567028,1,,0,1,32:21.0
19498,36,SJIT,IKR1057PLYKBLUE-5XL,109011462,IRASTNIC109011462,33741626,3,,0,1,51:25.0
19498,81,SJIT,KL_1892PLYKMULTI-6XL,125129750,KALNKASS125129750,39204371,1,,0,1,14:45.0
19498,81,SJIT,IKR_1876YKMAROON-XL,125624342,IRASCOORD125624342,39352272,1,,0,1,58:11.0
19498,36,SJIT,KL_7097YKBLUE-XXL,122720855,KALNSRBL122720855,38450605,4,,0,1,14:54.0
19498,15774,SJIT,IKR1556YKGREEN-L,109011118,IRASKRTI109011118,33741545,1,,0,1,23:26.0
19498,81,SJIT,IKR_1391PLYKNBLUE-8XL,122627976,IRASKRTA122627976,38424268,1,,0,1,36:53.0
19498,28,SJIT,KL_7097YKBLUE-5XL,122720858,KALNSRBL122720858,38450605,2,,0,1,13:32.0
19498,81,SJIT,IKR301PLYK340TYEDYE-4XL,109122644,IRASTOPS109122644,33774353,2,,0,1,18:16.0
19498,36,SJIT,645KL1488YKWHITE-XXL,97225076,KALNDRSS97225076,30216891,1,,0,1,29:37.0
19498,15774,SJIT,KL_AK-232WHITE-S,133236282,KALNKRTA133236282,41671585,1,,0,1,32:52.0
19498,81,SJIT,IKR1057PLYKBLUE-3XL,109011460,IRASTNIC109011460,33741626,3,,0,1,28:52.0
19498,15774,SJIT,IKR_1391PLYKNBLUE-7XL,122627975,IRASKRTA122627975,38424268,2,,0,1,31:37.0
19498,15774,SJIT,107KL1266YKCBLUE-XL,118722553,KALNKRTA118722553,37107382,2,,0,1,28:31.0
19498,15774,SJIT,579KL1348YKMULTI-M,97165967,KALNTOPS97165967,30198095,1,,0,1,20:55.0
19498,15774,SJIT,IKR_1048PLYKNBLUE-6XL,125437298,IRASTOPS125437298,39287053,1,,0,1,23:56.0
19498,81,SJIT,223KL225PLYK148OWHTE-XXL,92190796,KALNKRTA92190796,28697744,1,,0,1,37:02.0
19498,15774,SJIT,110KL1262PLYKBLACK-4XL,91359970,KALNKRTA91359970,28421024,2,,0,1,31:04.0
19498,28,SJIT,97KL1293YKCMAROON-S,117290164,KALNKRTA117290164,36683244,4,,0,1,11:57.0
19498,36,SJIT,KL_1529PLDPT11WINE-XXL,118276469,KALNKASS118276469,36964902,2,,0,1,29:37.0
19498,36,SJIT,743KL1592PLYKNBLUE-6XL,101974749,KALNKRTA101974749,31647630,2,,0,1,43:41.0
19498,15774,SJIT,IKR1486PLYKPURPLE-3XL,109009012,IRASKRTA109009012,33740891,2,,0,1,36:15.0
19498,15774,SJIT,IKR_1391PLYKNBLUE-8XL,122627976,IRASKRTA122627976,38424268,2,,0,1,42:43.0
19498,15774,SJIT,IKR1391PLYKBLUE-XXL,108895387,IRASKRTA108895387,33707594,1,,0,1,31:07.0
19498,15774,SJIT,IKR1391PLYKBLUE-3XL,108895384,IRASKRTA108895384,33707594,2,,0,1,32:38.0
19498,15774,SJIT,363KL1370PLYKMAROON-6XL,101931316,KALNKRTA101931316,29286810,1,,0,1,48:21.0
19498,28,SJIT,460KL1507PLYKNPINK-8XL,95150242,KALNKRTA95150242,29596652,2,,0,1,13:39.0
19498,36,SJIT,537KL1043YKMAROON-XL,97166275,KALNTOPS97166275,30198237,1,,0,1,41:48.0
19498,15774,SJIT,KL_7098YKPINK-5XL,123757483,KALNSRBL123757483,38783605,2,,0,1,45:42.0
19498,15774,SJIT,786KL1043PLYKMAROON-XXL,104547862,KALNTOPS104547862,32455713,1,,0,1,35:31.0
19498,36,SJIT,IKR_4018DRSBLUE-L,129011059,IRASTOPS129011059,40324174,1,,0,1,13:24.0
19498,36,SJIT,471KL1341PLYKGREEN-XXL,96091571,KALNKRTI96091571,29872841,1,,0,1,12:50.0
19498,81,SJIT,615KL318PLYK406YELLOW-3XL,97283493,KALNTOPS97283493,30234553,1,,0,1,24:00.0
19498,28,SJIT,109KL1262YKBLACK-M,91359954,KALNKRTA91359954,28421020,2,,0,1,11:41.0
19498,15774,SJIT,232KL166YK251BLUE-L,92764728,KALNKRTA92764728,28878026,10,,0,1,36:46.0
19498,15774,SJIT,814KL1540PLYKNGREEN-6XL,107259219,KALNKRTA107259219,33239411,1,,0,1,34:39.0
19498,36,SJIT,108KL1266PLYKBLUE-3XL,91359934,KALNKRTA91359934,28421016,1,,0,1,30:51.0
19498,15774,SJIT,IKR1391PLYKBLUE-5XL,108895386,IRASKRTA108895386,33707594,1,,0,1,56:52.0
19498,15774,SJIT,915KL1359PLYKNGREEN-7XL,113009484,KALNKRTA113009484,35220624,1,,0,1,20:11.0
19498,15774,SJIT,IKR237PLYK345PINK-4XL,109122398,IRASTOPS109122398,33774189,1,,0,1,51:51.0
19498,81,SJIT,IKR1379YKGREEN-S,108895458,IRASKRTA108895458,33707619,2,,0,1,35:14.0
19498,15774,SJIT,157KL1197YKGREEN-XL,91306168,KALNKRTA91306168,28405582,1,,0,1,02:12.0
19498,81,SJIT,665KL1271PLYKPINK-5XL,97263736,KALNNTST97263736,30227866,3,,0,1,02:08.0
19498,15774,SJIT,50KL1085PLYKPINK-5XL,88023190,KALNKRTA88023190,27324026,1,,0,1,54:21.0
19498,36,SJIT,225KL190PLYK214MEHROON-4XL,92190828,KALNKRTA92190828,28697750,3,,0,1,22:03.0
19498,36,SJIT,666KL1271YKPINK-M,97263771,KALNNTST97263771,30227874,1,,0,1,59:45.0
19498,28,SJIT,814KL1540PLYKNGREEN-8XL,107259221,KALNKRTA107259221,33239411,2,,0,1,13:39.0
19498,15774,SJIT,98KL1293PLYKMAROON-XXL,91360094,KALNKRTA91360094,28421050,10,,0,1,04:14.0
19498,81,SJIT,240KL1592PLYKBLUE-4XL,92764980,KALNKRTA92764980,28878088,3,,0,1,49:57.0
19498,15774,SJIT,IKR1293PLYKNMAROON-7XL,108908026,IRASKRTA108908026,33711088,2,,0,1,31:37.0
19498,15774,SJIT,109KL1262YKBLACK-S,91359956,KALNKRTA91359956,28421020,1,,0,1,23:03.0
19498,81,SJIT,69KL1472PLYKGREEN-XXL,88497208,KALNKASS88497208,27468304,1,,0,1,29:44.0
19498,81,SJIT,256KL1540YKGREEN-L,92764792,KALNKRTA92764792,28878042,1,,0,1,14:15.0
19498,15774,SJIT,444KL224PLYK148BNDJ-XXL,95150356,KALNKRTA95150356,29596686,2,,0,1,48:39.0
19498,15774,SJIT,602KL206YK324MUSTARD-S,97165940,KALNTOPS97165940,30198076,1,,0,1,10:44.0
19498,15774,SJIT,98KL1293PLYKMAROON-4XL,91360090,KALNKRTA91360090,28421050,3,,0,1,28:48.0
19498,36,SJIT,664KL1268YKMULTI-XL,97263738,KALNNTST97263738,30227865,3,,0,1,08:53.0
19498,81,SJIT,187KL315YK251TEAL-S,92190922,KALNKRTA92190922,28697770,2,,0,1,44:26.0
19498,28,SJIT,615KL318PLYK406YELLOW-3XL,97283493,KALNTOPS97283493,30234553,1,,0,1,10:17.0
19498,15774,SJIT,282KL1498PLYKGREEN-3XL,92764906,KALNKRTA92764906,28878070,1,,0,1,50:14.0
19498,15774,SJIT,KL_1037PLDPT19WHITE-5XL,118276385,KALNKASS118276385,36964881,1,,0,1,10:07.0
19498,81,SJIT,IKR1293YKMAROON-XS,108907858,IRASKRTA108907858,33711050,1,,0,1,25:25.0
19498,81,SJIT,KL_7079YKWHITE-L-XL,123159845,KALNSRBL123159845,38566828,1,,0,1,14:15.0
19498,28,SJIT,256KL1540YKGREEN-M,92764790,KALNKRTA92764790,28878042,1,,0,1,18:16.0
19498,81,SJIT,97KL1293YKCMAROON-XL,117290163,KALNKRTA117290163,36683244,10,,0,1,56:54.0
19498,36,SJIT,864KL1556YKGREEN-L,108407851,KALNKRTI108407851,33567027,1,,0,1,49:16.0
19498,81,SJIT,KL_AK-232WHITE-M,133236283,KALNKRTA133236283,41671585,1,,0,1,30:52.0
19498,81,SJIT,KL_165YK251MUSTRAD-6XL,120369311,KALNKRTA120369311,37646516,2,,0,1,13:17.0
19498,15774,SJIT,460KL1507PLYKNPINK-7XL,95150238,KALNKRTA95150238,29596652,2,,0,1,34:58.0
19498,81,SJIT,KL_1037PLDPT19WHITE-XXL,118276386,KALNKASS118276386,36964881,1,,0,1,59:57.0
19498,36,SJIT,240KL1592PLYKBLUE-4XL,92764980,KALNKRTA92764980,28878088,2,,0,1,41:57.0
19498,36,SJIT,KL_1901PLYKBLUE-5XL,125191907,KALNNTST125191907,39223203,1,,0,1,22:32.0
19498,36,SJIT,208KL275YK146MULTI-L,92191132,KALNKRTA92191132,28697810,2,,0,1,14:55.0
19498,81,SJIT,231KL167PLYK251BLACK-5XL,92191068,KALNKRTA92191068,28697798,5,,0,1,16:25.0
19498,15774,SJIT,107KL1266YKCBLUE-M,118722551,KALNKRTA118722551,37107382,2,,0,1,27:43.0
19498,15774,SJIT,615KL318PLYK406YELLOW-4XL,97283494,KALNTOPS97283494,30234553,2,,0,1,31:04.0
19498,36,SJIT,238KL1593PLYKGREEN-5XL,92764970,KALNKRTA92764970,28878086,2,,0,1,22:22.0
19498,81,SJIT,68KL1472YKGREEN-M,88497154,KALNKASS88497154,27468290,1,,0,1,17:55.0
19498,15774,SJIT,665KL1271PLYKPINK-3XL,97263730,KALNNTST97263730,30227866,2,,0,1,42:14.0
19498,15774,SJIT,765KL1588PLYKNBLUE-8XL,101964867,KALNKRTI101964867,31644461,1,,0,1,20:11.0
19498,36,SJIT,219KL241PLYK287BLACKRAY-XXL,92190850,KALNKRTA92190850,28697756,8,,0,1,39:21.0
19498,81,SJIT,664KL1268YKMULTI-XL,97263738,KALNNTST97263738,30227865,3,,0,1,42:00.0
19498,28,SJIT,KL_1894YKGREEN-M,123892478,KALNKRTA123892478,38820776,2,,0,1,20:08.0
19498,28,SJIT,208KL275YK146MULTI-XL,92191126,KALNKRTA92191126,28697810,2,,0,1,33:50.0
19498,36,SJIT,172KL1112YKBLACK-S,90338470,KALNKRTA90338470,28074528,1,,0,1,45:23.0
19498,28,SJIT,108KL1266PLYKBLUE-XXL,91359940,KALNKRTA91359940,28421016,2,,0,1,50:35.0
19498,81,SJIT,109KL1262YKBLACK-S,91359956,KALNKRTA91359956,28421020,2,,0,1,55:50.0
19498,15774,SJIT,615KL318PLYK406YELLOW-3XL,97283493,KALNTOPS97283493,30234553,1,,0,1,12:49.0
19498,81,SJIT,196KL311PLYK148BBNDJ-4XL,92191140,KALNKRTA92191140,28697812,2,,0,1,14:53.0
19498,15774,SJIT,KL_1577PLYKPINK-5XL,124435226,KALNKASS124435226,39001053,2,,0,1,42:36.0
19498,81,SJIT,645KL1488YKWHITE-L,97225072,KALNDRSS97225072,30216891,1,,0,1,50:23.0
19498,81,SJIT,195KL311YK148BBNDJ-XL,92190964,KALNKRTA92190964,28697778,1,,0,1,50:23.0
19498,81,SJIT,261KL1536YKBLACK-S,92764894,KALNKRTA92764894,28878068,2,,0,1,55:50.0
19498,81,SJIT,234KL165YK251MUSTRAD-XS,92764686,KALNKRTA92764686,28878018,7,,0,1,46:30.0
19498,36,SJIT,IKR1557YKRED-XS,109011076,IRASKRTI109011076,33741535,1,,0,1,45:17.0
19498,15774,SJIT,68KL1472YKGREEN-M,88497154,KALNKASS88497154,27468290,1,,0,1,40:52.0
19498,36,SJIT,IKR1532YKBLUE-XL,109011061,IRASKRTI109011061,33741532,4,,0,1,18:26.0
19498,36,SJIT,IKR1048YKBLUE-S,109040190,IRASTOPS109040190,33750538,2,,0,1,45:17.0
19498,81,SJIT,218KL241YK287BLACKRAY-XL,92190816,KALNKRTA92190816,28697748,3,,0,1,36:12.0
19498,81,SJIT,KL_1048PLYKNBLUE-8XL,118052575,KALNTOPS118052575,36903610,1,,0,1,50:23.0
19498,36,SJIT,IKR_1048PLYKNBLUE-8XL,125437300,IRASTOPS125437300,39287053,2,,0,1,14:16.0
19498,15774,SJIT,KL_7097YKBLUE-5XL,122720858,KALNSRBL122720858,38450605,1,,0,1,31:14.0
19498,81,SJIT,679KL5008YKGREEN-XL,97349222,KALNTRSR97349222,30256941,1,,0,1,39:25.0
19498,36,SJIT,KL_1901YKBLUE-M,125191896,KALNNTST125191896,39223201,1,,0,1,08:53.0
19498,81,SJIT,666KL1271YKPINK-M,97263771,KALNNTST97263771,30227874,1,,0,1,44:12.0
19498,81,SJIT,KL_AK-232WHITE-S,133236282,KALNKRTA133236282,41671585,1,,0,1,30:52.0
19498,15774,SJIT,656KL1202YKBLUE-L,97263761,KALNNTST97263761,30227872,1,,0,1,14:39.0
19498,81,SJIT,IKR_1048PLYKNBLUE-6XL,125437298,IRASTOPS125437298,39287053,2,,0,1,56:23.0
19498,15774,SJIT,IKR289YK345YELLOW-M,109122724,IRASTOPS109122724,33774381,1,,0,1,41:35.0
19498,15774,SJIT,864KL1556YKGREEN-L,108407851,KALNKRTI108407851,33567027,3,,0,1,35:13.0
19498,81,SJIT,248KL1552YKRED-L,92764800,KALNKRTA92764800,28878044,1,,0,1,50:23.0
19498,15774,SJIT,731KL1112PLYKNBLACK-8XL,101974809,KALNKRTA101974809,31647652,1,,0,1,55:11.0
19498,15774,SJIT,KL_1901PLYKBLUE-3XL,125191904,KALNNTST125191904,39223203,2,,0,1,42:14.0
19498,36,SJIT,731KL1112PLYKNBLACK-8XL,101974809,KALNKRTA101974809,31647652,1,,0,1,07:14.0
19498,81,SJIT,109KL1262YKBLACK-XL,91359958,KALNKRTA91359958,28421020,1,,0,1,48:01.0
19498,15774,SJIT,IKR1258PLYKWHITE-XXL,108907924,IRASKRTA108907924,33711065,1,,0,1,20:42.0
19498,81,SJIT,KL_1901PLYKBLUE-XXL,125191903,KALNNTST125191903,39223203,1,,0,1,07:00.0
19498,81,SJIT,240KL1592PLYKBLUE-5XL,92764978,KALNKRTA92764978,28878088,2,,0,1,14:11.0
19498,28,SJIT,110KL1262PLYKBLACK-3XL,91359968,KALNKRTA91359968,28421024,2,,0,1,27:31.0
19498,15774,SJIT,471KL1341PLYKGREEN-5XL,96091570,KALNKRTI96091570,29872841,2,,0,1,27:08.0
19498,81,SJIT,98KL1293PLYKMAROON-3XL,91360088,KALNKRTA91360088,28421050,2,,0,1,27:04.0
19498,36,SJIT,KL_1901PLYKBLUE-3XL,125191904,KALNNTST125191904,39223203,2,,0,1,08:53.0
19498,36,SJIT,107KL1266YKCBLUE-S,118722552,KALNKRTA118722552,37107382,3,,0,1,11:36.0
19498,36,SJIT,278KL1507PLYKPINK-XXL,92764960,KALNKRTA92764960,28878084,5,,0,1,36:20.0
19498,15774,SJIT,109KL1262YKBLACK-XL,91359958,KALNKRTA91359958,28421020,2,,0,1,25:34.0
19498,81,SJIT,IKR1379PLYKGREEN-XXL,108895443,IRASKRTA108895443,33707614,2,,0,1,00:17.0
19498,36,SJIT,224KL190YK214MEHROON-M,92190810,KALNKRTA92190810,28697746,3,,0,1,30:53.0
19498,15774,SJIT,97KL1293YKCMAROON-M,117290168,KALNKRTA117290168,36683244,10,,0,1,39:12.0
19498,81,SJIT,537KL1043YKMAROON-L,97166270,KALNTOPS97166270,30198237,2,,0,1,24:50.0
19498,81,SJIT,934KL1271PLYKNPINK-6XL,113012309,KALNNTST113012309,35221671,1,,0,1,06:20.0
19498,15774,SJIT,209KL275PLYK146MULTI-4XL,92191118,KALNKRTA92191118,28697808,1,,0,1,30:23.0
19498,15774,SJIT,645KL1488YKWHITE-S,97225074,KALNDRSS97225074,30216891,1,,0,1,54:45.0
19498,36,SJIT,232KL166YK251BLUE-M,92764726,KALNKRTA92764726,28878026,10,,0,1,52:38.0
19498,15774,SJIT,248KL1552YKRED-S,92764796,KALNKRTA92764796,28878044,1,,0,1,49:38.0
19498,81,SJIT,KL_1576PLYKGREEN-4XL,124435214,KALNKASS124435214,39001050,2,,0,1,33:26.0
19498,36,SJIT,97KL1293YKCMAROON-XS,117290165,KALNKRTA117290165,36683244,5,,0,1,46:02.0
19498,36,SJIT,IKR_1391PLYKNBLUE-8XL,122627976,IRASKRTA122627976,38424268,1,,0,1,00:47.0
19498,15774,SJIT,867KL1557YKRED-M,108407878,KALNKRTI108407878,33567033,1,,0,1,01:33.0
19498,36,SJIT,IKR1293PLYKMAROON-XXL,108907911,IRASKRTA108907911,33711062,1,,0,1,40:06.0
19498,15774,SJIT,IKR67YK83INDIGO-S,108401823,IRASDRSS108401823,33565233,1,,0,1,50:23.0
19498,81,SJIT,KL_1576PLYKGREEN-3XL,124435213,KALNKASS124435213,39001050,2,,0,1,08:15.0
19498,15774,SJIT,IKR1457YKPINK-XS,113224034,IRASETHDR113224034,33740897,1,,0,1,57:23.0
19498,36,SJIT,615KL318PLYK406YELLOW-3XL,97283493,KALNTOPS97283493,30234553,2,,0,1,22:51.0
19498,36,SJIT,IKR1391PLYKBLUE-4XL,108895385,IRASKRTA108895385,33707594,1,,0,1,44:11.0
19498,81,SJIT,KL_1594PLYKYELLOW-XXL,118282706,KALNKRTA118282706,36966955,1,,0,1,31:55.0
19498,81,SJIT,864KL1556YKGREEN-L,108407851,KALNKRTI108407851,33567027,1,,0,1,33:53.0
19498,28,SJIT,278KL1507PLYKPINK-4XL,92764964,KALNKRTA92764964,28878084,2,,0,1,15:56.0
19498,15774,SJIT,158KL1197PLYKCGREEN-5XL,118722623,KALNKRTA118722623,37107398,2,,0,1,30:38.0
19498,81,SJIT,IKR_1391PLYKNBLUE-6XL,122627974,IRASKRTA122627974,38424268,2,,0,1,01:09.0
19498,28,SJIT,224KL190YK214MEHROON-M,92190810,KALNKRTA92190810,28697746,1,,0,1,21:18.0
19498,36,SJIT,471KL1341PLYKGREEN-4XL,96091569,KALNKRTI96091569,29872841,1,,0,1,35:09.0
19498,36,SJIT,261KL1536YKBLACK-S,92764894,KALNKRTA92764894,28878068,1,,0,1,58:20.0
19498,81,SJIT,828KL1059YKMUSTARD-L,108403857,KALNKRTA108403857,33565865,1,,0,1,33:15.0
19498,81,SJIT,IKR1556YKGREEN-XL,109011122,IRASKRTI109011122,33741545,1,,0,1,54:35.0
19498,15774,SJIT,KL_165YK251MUSTRAD-7XL,120369312,KALNKRTA120369312,37646516,1,,0,1,20:11.0
19498,36,SJIT,894KL289PLYKN345YELLOW-6XL,108410253,KALNTOPS108410253,33567755,1,,0,1,37:54.0
19498,36,SJIT,765KL1588PLYKNBLUE-8XL,101964867,KALNKRTI101964867,31644461,1,,0,1,07:14.0
19498,15774,SJIT,252KL1548YKPINK-L,92764824,KALNKRTA92764824,28878050,2,,0,1,19:32.0
19498,15774,SJIT,278KL1507PLYKPINK-5XL,92764962,KALNKRTA92764962,28878084,4,,0,1,06:26.0
19498,36,SJIT,IKR1556YKGREEN-M,109011119,IRASKRTI109011119,33741545,1,,0,1,52:01.0
19498,15774,SJIT,645KL1488YKWHITE-XXL,97225076,KALNDRSS97225076,30216891,1,,0,1,02:12.0
19498,36,SJIT,814KL1540PLYKNGREEN-6XL,107259219,KALNKRTA107259219,33239411,2,,0,1,02:39.0
19498,36,SJIT,IKR1048YKBLUE-XS,129029071,IRASTOPS129029071,33750538,2,,0,1,45:17.0
19498,36,SJIT,235KL165PLYKC251MUSTRAD-3XL,117290174,KALNKRTA117290174,36683245,15,,0,1,23:34.0
19498,36,SJIT,KL_165YK251MUSTRAD-6XL,120369311,KALNKRTA120369311,37646516,3,,0,1,02:39.0
19498,36,SJIT,278KL1507PLYKPINK-3XL,92764966,KALNKRTA92764966,28878084,5,,0,1,22:51.0
19498,36,SJIT,665KL1271PLYKPINK-4XL,97263733,KALNNTST97263733,30227866,2,,0,1,34:05.0
19498,36,SJIT,231KL167PLYK251BLACK-XXL,92191066,KALNKRTA92191066,28697798,9,,0,1,26:46.0
19498,36,SJIT,181KL9YK148BLACK-XL,92190726,KALNKRTA92190726,28697728,2,,0,1,33:54.0
19498,36,SJIT,196KL311PLYK148BBNDJ-4XL,92191140,KALNKRTA92191140,28697812,2,,0,1,59:00.0
19498,36,SJIT,187KL315YK251TEAL-XL,92190920,KALNKRTA92190920,28697770,1,,0,1,09:16.0
19498,15774,SJIT,IKR_4010DRSMULTI-M,129011031,IRASTOPS129011031,40324169,1,,0,1,30:38.0
19498,81,SJIT,125KL1252YKGREEN-XL,89286514,KALNKRTA89286514,27738670,1,,0,1,50:23.0
19498,15774,SJIT,208KL275YK146MULTI-L,92191132,KALNKRTA92191132,28697810,2,,0,1,42:31.0
19498,81,SJIT,KL_7097YKBLUE-L-XL,122720854,KALNSRBL122720854,38450605,8,,0,1,42:28.0
19498,15774,SJIT,257KL1540PLYKGREEN-3XL,92764872,KALNKRTA92764872,28878062,3,,0,1,32:02.0
19498,28,SJIT,862KL1556PLYKGREEN-4XL,108407859,KALNKRTI108407859,33567028,3,,0,1,43:03.0
19498,36,SJIT,IKR1293PLYKMAROON-4XL,108907909,IRASKRTA108907909,33711062,3,,0,1,21:35.0
19498,15774,SJIT,234KL165YK251MUSTRAD-M,92764692,KALNKRTA92764692,28878018,22,,0,1,35:22.0
19498,28,SJIT,235KL165PLYKC251MUSTRAD-XXL,117290172,KALNKRTA117290172,36683245,3,,0,1,04:46.0
19498,81,SJIT,224KL190YK214MEHROON-L,92190812,KALNKRTA92190812,28697746,3,,0,1,10:10.0
19498,15774,SJIT,98KL1293PLYKMAROON-5XL,91360092,KALNKRTA91360092,28421050,1,,0,1,05:48.0
19498,15774,SJIT,579KL1348YKMULTI-S,97165968,KALNTOPS97165968,30198095,2,,0,1,30:38.0
19498,36,SJIT,893KL289PLYK345YELLOW-3XL,108410063,KALNTOPS108410063,33567693,1,,0,1,27:02.0
19498,15774,SJIT,731KL1112PLYKNBLACK-6XL,101974807,KALNKRTA101974807,31647652,1,,0,1,48:21.0
19498,36,SJIT,125KL1252YKGREEN-XL,89286514,KALNKRTA89286514,27738670,1,,0,1,33:54.0
19498,81,SJIT,KL_1892YKMULTI-XXL,125129757,KALNKASS125129757,39204373,1,,0,1,47:54.0
19498,15774,SJIT,231KL167PLYK251BLACK-XXL,92191066,KALNKRTA92191066,28697798,8,,0,1,46:15.0
19498,81,SJIT,IKR1057PLYKBLUE-5XL,109011462,IRASTNIC109011462,33741626,3,,0,1,57:24.0
19498,81,SJIT,KL_5037PLYKPINK-5XL,118285616,KALNTRSR118285616,36967803,1,,0,1,07:32.0
19498,81,SJIT,257KL1540PLYKGREEN-3XL,92764872,KALNKRTA92764872,28878062,1,,0,1,49:58.0
19498,36,SJIT,230KL167YK251BLACK-XS,92191038,KALNKRTA92191038,28697792,8,,0,1,30:59.0
19498,28,SJIT,256KL1540YKGREEN-XL,92764786,KALNKRTA92764786,28878042,1,,0,1,33:12.0
19498,28,SJIT,KL_7098YKPINK-4XL,123757482,KALNSRBL123757482,38783605,2,,0,1,53:01.0
19498,15774,SJIT,IKR1060YKBEIGE-M,108890496,IRASKRTA108890496,33706173,2,,0,1,05:55.0
19498,36,SJIT,IKR1057YKBLUE-XS,109011445,IRASTNIC109011445,33741622,2,,0,1,45:17.0
19498,81,SJIT,278KL1507PLYKPINK-4XL,92764964,KALNKRTA92764964,28878084,5,,0,1,11:57.0
19498,81,SJIT,231KL167PLYK251BLACK-3XL,92191072,KALNKRTA92191072,28697798,2,,0,1,46:32.0
19498,81,SJIT,KL_7098YKPINK-4XL,123757482,KALNSRBL123757482,38783605,1,,0,1,14:30.0
19498,81,SJIT,743KL1592PLYKNBLUE-8XL,101974751,KALNKRTA101974751,31647630,3,,0,1,16:25.0
19498,28,SJIT,KL_1341PLYKNGREEN-6XL,118054196,KALNKRTI118054196,36903896,1,,0,1,19:09.0
19498,81,SJIT,893KL289PLYK345YELLOW-3XL,108410063,KALNTOPS108410063,33567693,1,,0,1,50:28.0
19498,36,SJIT,158KL1197PLYKCGREEN-5XL,118722623,KALNKRTA118722623,37107398,1,,0,1,43:14.0
19498,81,SJIT,765KL1588PLYKNBLUE-6XL,101964865,KALNKRTI101964865,31644461,1,,0,1,17:44.0
19498,81,SJIT,IKR_1391PLYKNBLUE-7XL,122627975,IRASKRTA122627975,38424268,1,,0,1,46:40.0
19498,36,SJIT,IKR_4010DRSMULTI-M,129011031,IRASTOPS129011031,40324169,1,,0,1,04:51.0
19498,81,SJIT,814KL1540PLYKNGREEN-8XL,107259221,KALNKRTA107259221,33239411,2,,0,1,16:25.0
19498,36,SJIT,472KL1341YKGREEN-M,96091620,KALNKRTI96091620,29872852,1,,0,1,56:44.0
19498,36,SJIT,IKR1532YKBLUE-S,109011060,IRASKRTI109011060,33741532,1,,0,1,58:38.0
19498,81,SJIT,439KL1189PLYKMAROON-XXL,94679714,KALNKRTA94679714,29457964,1,,0,1,10:46.0
19498,15774,SJIT,119KL1255YKMAROON-M,89286482,KALNKRTA89286482,27738664,1,,0,1,01:33.0
19498,15774,SJIT,444KL224PLYK148BNDJ-4XL,95150360,KALNKRTA95150360,29596686,2,,0,1,42:16.0
19498,81,SJIT,240KL1592PLYKBLUE-3XL,92764982,KALNKRTA92764982,28878088,1,,0,1,30:34.0
19498,36,SJIT,218KL241YK287BLACKRAY-L,92190822,KALNKRTA92190822,28697748,3,,0,1,10:39.0
19498,81,SJIT,158KL1197PLYKCGREEN-3XL,118722621,KALNKRTA118722621,37107398,1,,0,1,22:18.0
19498,15774,SJIT,120KL1255PLYKMAROON-5XL,91359912,KALNKRTA91359912,28421010,2,,0,1,47:12.0
19498,36,SJIT,240KL1592PLYKBLUE-3XL,92764982,KALNKRTA92764982,28878088,3,,0,1,22:51.0
19498,36,SJIT,IKR_AK-226INDIGO-4XL,129011045,IRASTOPS129011045,40324171,1,,0,1,22:53.0
19498,36,SJIT,579KL1348YKMULTI-S,97165968,KALNTOPS97165968,30198095,1,,0,1,51:41.0
19498,28,SJIT,460KL1507PLYKNPINK-7XL,95150238,KALNKRTA95150238,29596652,5,,0,1,52:37.0
19498,81,SJIT,862KL1556PLYKGREEN-3XL,108407858,KALNKRTI108407858,33567028,3,,0,1,14:05.0
19498,36,SJIT,233KL166PLYK251BLUE-XXL,92764696,KALNKRTA92764696,28878020,4,,0,1,39:26.0
19498,15774,SJIT,KL_1901PLYKBLUE-5XL,125191907,KALNNTST125191907,39223203,2,,0,1,42:14.0
19498,81,SJIT,125KL1252YKGREEN-M,89286510,KALNKRTA89286510,27738670,1,,0,1,59:14.0
19498,81,SJIT,645KL1488YKWHITE-S,97225074,KALNDRSS97225074,30216891,1,,0,1,04:30.0
19498,15774,SJIT,219KL241PLYK287BLACKRAY-4XL,92190854,KALNKRTA92190854,28697756,4,,0,1,46:20.0
19498,81,SJIT,665KL1271PLYKPINK-4XL,97263733,KALNNTST97263733,30227866,2,,0,1,02:08.0
19498,81,SJIT,IKR1096YKBLUE-M,108890634,IRASKRTA108890634,33706217,2,,0,1,31:40.0
19498,36,SJIT,460KL1507PLYKNPINK-7XL,95150238,KALNKRTA95150238,29596652,3,,0,1,33:53.0
19498,81,SJIT,233KL166PLYK251BLUE-5XL,92764698,KALNKRTA92764698,28878020,5,,0,1,16:25.0
19498,81,SJIT,281KL1498YKGREEN-M,92764912,KALNKRTA92764912,28878072,1,,0,1,24:50.0
19498,15774,SJIT,IKR1251PLYKMAROON-XXL,108891060,IRASKRTA108891060,33706422,2,,0,1,19:31.0
19498,28,SJIT,97KL1293YKCMAROON-XL,117290163,KALNKRTA117290163,36683244,10,,0,1,33:50.0
19498,81,SJIT,232KL166YK251BLUE-XS,92764720,KALNKRTA92764720,28878026,5,,0,1,44:26.0
19498,36,SJIT,218KL241YK287BLACKRAY-XS,92190814,KALNKRTA92190814,28697748,1,,0,1,32:10.0
19498,28,SJIT,233KL166PLYK251BLUE-XXL,92764696,KALNKRTA92764696,28878020,5,,0,1,33:12.0
19498,15774,SJIT,234KL165YK251MUSTRAD-L,92764694,KALNKRTA92764694,28878018,23,,0,1,52:49.0
19498,81,SJIT,158KL1197PLYKCGREEN-4XL,118722622,KALNKRTA118722622,37107398,1,,0,1,50:18.0
19498,15774,SJIT,IKR_1876YKMAROON-M,125624340,IRASCOORD125624340,39352272,1,,0,1,55:52.0
19498,15774,SJIT,KL_1529PLDPT11WINE-XXL,118276469,KALNKASS118276469,36964902,1,,0,1,13:24.0
19498,36,SJIT,225KL190PLYK214MEHROON-5XL,92190826,KALNKRTA92190826,28697750,3,,0,1,16:58.0
19498,15774,SJIT,232KL166YK251BLUE-XS,92764720,KALNKRTA92764720,28878026,5,,0,1,44:01.0
19498,15774,SJIT,KL_7079YKWHITE-S-M,123159844,KALNSRBL123159844,38566828,1,,0,1,29:33.0
19498,15774,SJIT,764KL1588PLYKBLUE-3XL,101964859,KALNKRTI101964859,31644459,1,,0,1,06:23.0
19498,81,SJIT,694KL5019PLYKDENIM-4XL,97349159,KALNTRSR97349159,30256925,1,,0,1,05:16.0
19498,15774,SJIT,256KL1540YKGREEN-S,92764788,KALNKRTA92764788,28878042,1,,0,1,34:05.0
19498,81,SJIT,867KL1557YKRED-M,108407878,KALNKRTI108407878,33567033,1,,0,1,24:50.0
19498,81,SJIT,KL_167PLYKN251BLACK-8XL,118060367,KALNKRTA118060367,36905711,1,,0,1,46:18.0
19498,28,SJIT,110KL1262PLYKBLACK-5XL,91359972,KALNKRTA91359972,28421024,1,,0,1,16:33.0
19498,28,SJIT,97KL1293YKCMAROON-XS,117290165,KALNKRTA117290165,36683244,5,,0,1,12:31.0
19498,36,SJIT,IKR1057PLYKBLUE-4XL,109011461,IRASTNIC109011461,33741626,3,,0,1,51:25.0
19498,36,SJIT,68KL1472YKGREEN-M,88497154,KALNKASS88497154,27468290,1,,0,1,16:33.0
19498,36,SJIT,IKR1057YKBLUE-XL,109011444,IRASTNIC109011444,33741622,2,,0,1,45:56.0
19498,15774,SJIT,IKR_1876YKMAROON-XXL,125624343,IRASCOORD125624343,39352272,1,,0,1,59:44.0
19498,15774,SJIT,233KL166PLYK251BLUE-XXL,92764696,KALNKRTA92764696,28878020,5,,0,1,40:11.0
19498,28,SJIT,97KL1293YKCMAROON-L,117290166,KALNKRTA117290166,36683244,7,,0,1,25:38.0
19498,81,SJIT,439KL1189PLYKMAROON-4XL,94679718,KALNKRTA94679718,29457964,1,,0,1,27:42.0
19498,36,SJIT,690KL5014PLYKMAROON-5XL,97349272,KALNTRSR97349272,30256955,1,,0,1,31:24.0
19498,15774,SJIT,KL_1594YKYELLOW-XL,118282710,KALNKRTA118282710,36966956,1,,0,1,45:42.0
19498,81,SJIT,97KL1293YKCMAROON-L,117290166,KALNKRTA117290166,36683244,9,,0,1,33:45.0
19498,15774,SJIT,218KL241YK287BLACKRAY-S,92190818,KALNKRTA92190818,28697748,1,,0,1,24:21.0
19498,81,SJIT,762KL1472PLYKNGREEN-6XL,101964716,KALNKASS101964716,31644421,2,,0,1,57:41.0
19498,36,SJIT,IKR1391PLYKBLUE-5XL,108895386,IRASKRTA108895386,33707594,2,,0,1,48:33.0
19498,36,SJIT,663KL1268PLYKMULTI-XXL,97263737,KALNNTST97263737,30227864,4,,0,1,08:53.0
19498,15774,SJIT,IKR_1048PLYKNBLUE-7XL,125437299,IRASTOPS125437299,39287053,2,,0,1,42:43.0
19498,81,SJIT,IKR1388PLYKNMAROON-8XL,113177406,IRASKRTA113177406,35283091,1,,0,1,39:54.0
19498,28,SJIT,KL_7097YKBLUE-4XL,122720857,KALNSRBL122720857,38450605,2,,0,1,13:32.0
19498,81,SJIT,645KL1488YKWHITE-XL,97225075,KALNDRSS97225075,30216891,1,,0,1,27:48.0
19498,28,SJIT,232KL166YK251BLUE-M,92764726,KALNKRTA92764726,28878026,9,,0,1,54:59.0
19498,28,SJIT,814KL1540PLYKNGREEN-6XL,107259219,KALNKRTA107259219,33239411,1,,0,1,46:10.0
19498,81,SJIT,764KL1588PLYKBLUE-5XL,101964861,KALNKRTI101964861,31644459,1,,0,1,43:37.0
19498,15774,SJIT,864KL1556YKGREEN-S,108407855,KALNKRTI108407855,33567027,1,,0,1,28:50.0
19498,81,SJIT,IKR_1885YKPistaGreen-XL,125496499,IRASSHRT125496499,39316925,1,,0,1,11:40.0
19498,81,SJIT,438KL1189PLYKNMAROON-8XL,94679528,KALNKRTA94679528,29457916,1,,0,1,40:23.0
19498,36,SJIT,KL_7097YKBLUE-L-XL,122720854,KALNSRBL122720854,38450605,9,,0,1,50:37.0
19498,36,SJIT,98KL1293PLYKMAROON-3XL,91360088,KALNKRTA91360088,28421050,1,,0,1,58:55.0
19498,36,SJIT,97KL1293YKCMAROON-S,117290164,KALNKRTA117290164,36683244,9,,0,1,40:39.0
19498,81,SJIT,69KL1472PLYKGREEN-4XL,88497212,KALNKASS88497212,27468304,2,,0,1,21:22.0
19498,15774,SJIT,195KL311YK148BBNDJ-XL,92190964,KALNKRTA92190964,28697778,1,,0,1,35:07.0
19498,81,SJIT,IKR_1885YKPistaGreen-L,125496498,IRASSHRT125496498,39316925,1,,0,1,52:11.0
19498,36,SJIT,764KL1588PLYKBLUE-5XL,101964861,KALNKRTI101964861,31644459,1,,0,1,45:59.0
19498,36,SJIT,208KL275YK146MULTI-M,92191130,KALNKRTA92191130,28697810,2,,0,1,53:55.0
19498,36,SJIT,KL_1901YKBLUE-L,125191897,KALNNTST125191897,39223201,1,,0,1,48:27.0
19498,81,SJIT,107KL1266YKCBLUE-M,118722551,KALNKRTA118722551,37107382,3,,0,1,19:49.0
19498,81,SJIT,232KL166YK251BLUE-XL,92764722,KALNKRTA92764722,28878026,9,,0,1,44:07.0
19498,81,SJIT,277KL1507YKPINK-L,92764958,KALNKRTA92764958,28878082,2,,0,1,58:10.0
19498,36,SJIT,69KL1472PLYKGREEN-4XL,88497212,KALNKASS88497212,27468304,1,,0,1,43:26.0
19498,15774,SJIT,694KL5019PLYKDENIM-4XL,97349159,KALNTRSR97349159,30256925,1,,0,1,58:15.0
19498,15774,SJIT,IKR1251PLYKMAROON-5XL,108891059,IRASKRTA108891059,33706422,2,,0,1,32:38.0
19498,36,SJIT,98KL1293PLYKMAROON-4XL,91360090,KALNKRTA91360090,28421050,3,,0,1,19:05.0
19498,36,SJIT,600KL1500YKMAROON-M,97283522,KALNTOPS97283522,30234559,1,,0,1,21:18.0
19498,81,SJIT,537KL1043YKMAROON-XL,97166275,KALNTOPS97166275,30198237,1,,0,1,54:11.0
19498,81,SJIT,IKR1293PLYKMAROON-3XL,108907908,IRASKRTA108907908,33711062,1,,0,1,13:49.0
19498,81,SJIT,231KL167PLYK251BLACK-XXL,92191066,KALNKRTA92191066,28697798,10,,0,1,36:29.0
19498,81,SJIT,IKR1556YKGREEN-M,109011119,IRASKRTI109011119,33741545,4,,0,1,12:33.0
19498,81,SJIT,KL_1901YKBLUE-L,125191897,KALNNTST125191897,39223201,1,,0,1,42:00.0
19498,15774,SJIT,895KL289YK345YELLOW-XL,108410074,KALNTOPS108410074,33567696,1,,0,1,21:38.0
19498,81,SJIT,IKR_1885PLYKPistaGreen-4XL,125496493,IRASSHRT125496493,39316924,1,,0,1,06:28.0
19498,36,SJIT,IKR1057PLYKBLUE-XXL,109011463,IRASTNIC109011463,33741626,2,,0,1,52:12.0
19498,36,SJIT,108KL1266PLYKBLUE-5XL,91359938,KALNKRTA91359938,28421016,2,,0,1,02:39.0
19498,15774,SJIT,602KL206YK324MUSTARD-XS,97165942,KALNTOPS97165942,30198076,1,,0,1,31:48.0
19498,15774,SJIT,IKR1057YKBLUE-M,109011442,IRASTNIC109011442,33741622,1,,0,1,51:56.0
19498,15774,SJIT,235KL165PLYKC251MUSTRAD-5XL,117290175,KALNKRTA117290175,36683245,5,,0,1,45:42.0
19498,81,SJIT,IKR1457YKPINK-XS,113224034,IRASETHDR113224034,33740897,1,,0,1,30:38.0
19498,81,SJIT,IKR_4018DRSBLUE-M,129011057,IRASTOPS129011057,40324174,2,,0,1,49:14.0
19498,36,SJIT,615KL318PLYK406YELLOW-4XL,97283494,KALNTOPS97283494,30234553,2,,0,1,07:56.0
19498,81,SJIT,234KL165YK251MUSTRAD-XL,92764688,KALNKRTA92764688,28878018,13,,0,1,53:48.0
19498,15774,SJIT,934KL1271PLYKNPINK-8XL,113012311,KALNNTST113012311,35221671,2,,0,1,46:29.0
19498,15774,SJIT,471KL1341PLYKGREEN-XXL,96091571,KALNKRTI96091571,29872841,1,,0,1,33:39.0
19498,81,SJIT,KL_5037PLYKPINK-3XL,118285614,KALNTRSR118285614,36967803,1,,0,1,09:00.0
19498,36,SJIT,600KL1500YKMAROON-L,97283521,KALNTOPS97283521,30234559,1,,0,1,21:18.0
19498,15774,SJIT,218KL241YK287BLACKRAY-L,92190822,KALNKRTA92190822,28697748,3,,0,1,19:56.0
19498,36,SJIT,KL_7090YKWHITE-L-XL,121548862,KALNSRBL121548862,38056594,1,,0,1,05:58.0
19498,81,SJIT,IKR224PLYK148BNDJ-4XL,108912424,IRASKRTA108912424,33712521,2,,0,1,31:11.0
19498,36,SJIT,68KL1472YKGREEN-S,88497148,KALNKASS88497148,27468290,1,,0,1,37:10.0
19498,36,SJIT,218KL241YK287BLACKRAY-M,92190820,KALNKRTA92190820,28697748,4,,0,1,52:38.0
19498,81,SJIT,IKR1251PLYKMAROON-XXL,108891060,IRASKRTA108891060,33706422,1,,0,1,19:35.0
19498,15774,SJIT,645KL1488YKWHITE-L,97225072,KALNDRSS97225072,30216891,1,,0,1,35:07.0
19498,36,SJIT,814KL1540PLYKNGREEN-7XL,107259220,KALNKRTA107259220,33239411,2,,0,1,02:39.0
19498,15774,SJIT,KL_7090YKWHITE-L-XL,121548862,KALNSRBL121548862,38056594,1,,0,1,27:37.0
19498,36,SJIT,97KL1293YKCMAROON-L,117290166,KALNKRTA117290166,36683244,15,,0,1,05:08.0
19498,15774,SJIT,257KL1540PLYKGREEN-XXL,92764866,KALNKRTA92764866,28878062,1,,0,1,42:04.0
19498,81,SJIT,615KL318PLYK406YELLOW-XXL,97283496,KALNTOPS97283496,30234553,1,,0,1,25:32.0
19498,15774,SJIT,934KL1271PLYKNPINK-6XL,113012309,KALNNTST113012309,35221671,1,,0,1,12:41.0
19498,15774,SJIT,KL_7097YKBLUE-L-XL,122720854,KALNSRBL122720854,38450605,10,,0,1,42:31.0
19498,15774,SJIT,248KL1552YKRED-M,92764798,KALNKRTA92764798,28878044,1,,0,1,37:17.0
19498,15774,SJIT,232KL166YK251BLUE-M,92764726,KALNKRTA92764726,28878026,9,,0,1,24:11.0
19498,15774,SJIT,KL_1901YKBLUE-L,125191897,KALNNTST125191897,39223201,1,,0,1,28:34.0
19498,15774,SJIT,209KL275PLYK146MULTI-5XL,92191116,KALNKRTA92191116,28697808,1,,0,1,08:49.0
19498,36,SJIT,223KL225PLYK148OWHTE-3XL,92190802,KALNKRTA92190802,28697744,1,,0,1,15:33.0
19498,36,SJIT,IKR1391PLYKBLUE-XXL,108895387,IRASKRTA108895387,33707594,2,,0,1,24:19.0
19498,15774,SJIT,230KL167YK251BLACK-XS,92191038,KALNKRTA92191038,28697792,4,,0,1,22:39.0
19498,81,SJIT,218KL241YK287BLACKRAY-L,92190822,KALNKRTA92190822,28697748,2,,0,1,57:47.0
19498,81,SJIT,187KL315YK251TEAL-M,92190924,KALNKRTA92190924,28697770,1,,0,1,57:09.0
19498,15774,SJIT,KL_7097YKBLUE-XXL,122720855,KALNSRBL122720855,38450605,4,,0,1,33:39.0
19498,36,SJIT,IKR1057YKBLUE-L,109011441,IRASTNIC109011441,33741622,1,,0,1,09:49.0
19498,81,SJIT,695KL5019YKDENIM-XL,97349292,KALNTRSR97349292,30256959,1,,0,1,24:12.0
19498,28,SJIT,230KL167YK251BLACK-L,92191046,KALNKRTA92191046,28697792,2,,0,1,26:18.0
19498,15774,SJIT,731KL1112PLYKNBLACK-7XL,101974808,KALNKRTA101974808,31647652,1,,0,1,48:21.0
19498,81,SJIT,IKR1391PLYKBLUE-XXL,108895387,IRASKRTA108895387,33707594,3,,0,1,56:28.0
19498,28,SJIT,107KL1266YKCBLUE-M,118722551,KALNKRTA118722551,37107382,2,,0,1,18:16.0
19498,28,SJIT,615KL318PLYK406YELLOW-5XL,97283495,KALNTOPS97283495,30234553,1,,0,1,28:05.0
19498,15774,SJIT,239KL1592YKBLUE-L,92764768,KALNKRTA92764768,28878036,2,,0,1,42:31.0
19498,36,SJIT,234KL165YK251MUSTRAD-L,92764694,KALNKRTA92764694,28878018,18,,0,1,36:21.0
19498,81,SJIT,KL_165YK251MUSTRAD-7XL,120369312,KALNKRTA120369312,37646516,1,,0,1,20:46.0
19498,36,SJIT,601KL206PLYK324MUSTARD-5XL,97283447,KALNTOPS97283447,30234542,1,,0,1,45:31.0
19498,36,SJIT,KL_1576PLYKNGREEN-6XL,124435209,KALNKASS124435209,39001049,1,,0,1,19:20.0
19498,15774,SJIT,231KL167PLYK251BLACK-3XL,92191072,KALNKRTA92191072,28697798,3,,0,1,36:54.0
19498,81,SJIT,KL_1576PLYKGREEN-5XL,124435215,KALNKASS124435215,39001050,1,,0,1,44:04.0
19498,28,SJIT,110KL1262PLYKBLACK-4XL,91359970,KALNKRTA91359970,28421024,2,,0,1,17:18.0
19498,36,SJIT,IKR1391PLYKBLUE-3XL,108895384,IRASKRTA108895384,33707594,2,,0,1,14:37.0
19498,15774,SJIT,KL_1048PLYKBLUE-3XL,118052570,KALNTOPS118052570,36903609,3,,0,1,56:14.0
19498,36,SJIT,IKR237PLYK345PINK-3XL,109122397,IRASTOPS109122397,33774189,1,,0,1,05:32.0
19498,81,SJIT,602KL206YK324MUSTARD-XS,97165942,KALNTOPS97165942,30198076,1,,0,1,31:27.0
19498,36,SJIT,208KL275YK146MULTI-XL,92191126,KALNKRTA92191126,28697810,2,,0,1,09:34.0
19498,15774,SJIT,IKR1057PLYKBLUE-3XL,109011460,IRASTNIC109011460,33741626,3,,0,1,30:46.0
19498,15774,SJIT,600KL1500YKMAROON-XS,97283525,KALNTOPS97283525,30234559,1,,0,1,21:18.0
19498,15774,SJIT,IKR1258PLYKWHITE-5XL,108907923,IRASKRTA108907923,33711065,1,,0,1,38:34.0
19498,15774,SJIT,IKR1532YKBLUE-XL,109011061,IRASKRTI109011061,33741532,3,,0,1,59:53.0
19498,15774,SJIT,600KL1500YKMAROON-S,97283523,KALNTOPS97283523,30234559,1,,0,1,21:18.0
19498,36,SJIT,481KL1588YKBLUE-XL,96091585,KALNKRTI96091585,29872844,1,,0,1,13:53.0
19498,36,SJIT,444KL224PLYK148BNDJ-XXL,95150356,KALNKRTA95150356,29596686,2,,0,1,00:11.0
19498,36,SJIT,230KL167YK251BLACK-M,92191044,KALNKRTA92191044,28697792,15,,0,1,20:50.0
19498,28,SJIT,232KL166YK251BLUE-XL,92764722,KALNKRTA92764722,28878026,3,,0,1,09:31.0
19498,15774,SJIT,234KL165YK251MUSTRAD-XS,92764686,KALNKRTA92764686,28878018,5,,0,1,55:15.0
19498,81,SJIT,119KL1255YKMAROON-L,89286480,KALNKRTA89286480,27738664,1,,0,1,14:15.0
19498,81,SJIT,KL_7090YKWHITE-L-XL,121548862,KALNSRBL121548862,38056594,1,,0,1,14:15.0
19498,36,SJIT,IKR1057YKBLUE-M,109011442,IRASTNIC109011442,33741622,2,,0,1,49:33.0
19498,36,SJIT,665KL1271PLYKPINK-5XL,97263736,KALNNTST97263736,30227866,3,,0,1,34:05.0
19498,15774,SJIT,IKR1557YKRED-XS,109011076,IRASKRTI109011076,33741535,1,,0,1,18:16.0
19498,15774,SJIT,233KL166PLYK251BLUE-3XL,92764702,KALNKRTA92764702,28878020,2,,0,1,32:02.0
19498,15774,SJIT,IKR1486PLYKPURPLE-XXL,109009015,IRASKRTA109009015,33740891,2,,0,1,31:07.0
19498,81,SJIT,IKR1486PLYKPURPLE-XXL,109009015,IRASKRTA109009015,33740891,2,,0,1,51:10.0
19498,36,SJIT,235KL165PLYKC251MUSTRAD-5XL,117290175,KALNKRTA117290175,36683245,5,,0,1,07:56.0
19498,15774,SJIT,278KL1507PLYKPINK-4XL,92764964,KALNKRTA92764964,28878084,5,,0,1,28:48.0
19498,81,SJIT,444KL224PLYK148BNDJ-5XL,95150362,KALNKRTA95150362,29596686,1,,0,1,43:30.0
19498,15774,SJIT,IKR_1391PLYKNBLUE-6XL,122627974,IRASKRTA122627974,38424268,2,,0,1,31:37.0
19498,28,SJIT,471KL1341PLYKGREEN-3XL,96091568,KALNKRTI96091568,29872841,1,,0,1,53:49.0
19498,15774,SJIT,IKR1057YKBLUE-S,109011443,IRASTNIC109011443,33741622,2,,0,1,54:53.0
19498,81,SJIT,IKR1388YKMAROON-M,108895450,IRASKRTA108895450,33707617,1,,0,1,10:28.0
19498,81,SJIT,KL_1901PLYKBLUE-4XL,125191906,KALNNTST125191906,39223203,2,,0,1,18:09.0
19498,15774,SJIT,IKR_1048PLYKBLUE-4XL,125437303,IRASTOPS125437303,39287054,1,,0,1,02:49.0
19498,15774,SJIT,IKR1391PLYKBLUE-4XL,108895385,IRASKRTA108895385,33707594,1,,0,1,38:55.0
19498,15774,SJIT,664KL1268YKMULTI-S,97263735,KALNNTST97263735,30227865,2,,0,1,28:34.0
19498,36,SJIT,645KL1488YKWHITE-XL,97225075,KALNDRSS97225075,30216891,1,,0,1,08:17.0
19498,36,SJIT,867KL1557YKRED-M,108407878,KALNKRTI108407878,33567033,1,,0,1,36:38.0
19498,36,SJIT,239KL1592YKBLUE-L,92764768,KALNKRTA92764768,28878036,2,,0,1,14:55.0
19498,36,SJIT,KL_AK-232WHITE-S,133236282,KALNKRTA133236282,41671585,2,,0,1,05:39.0
19498,36,SJIT,124KL1253PLYKBLACK-XXL,91359992,KALNKRTA91359992,28421028,1,,0,1,20:14.0
19498,15774,SJIT,230KL167YK251BLACK-S,92191042,KALNKRTA92191042,28697792,3,,0,1,26:27.0
19498,15774,SJIT,666KL1271YKPINK-M,97263771,KALNNTST97263771,30227874,1,,0,1,38:22.0
19498,15774,SJIT,814KL1540PLYKNGREEN-8XL,107259221,KALNKRTA107259221,33239411,2,,0,1,41:44.0
19498,15774,SJIT,656KL1202YKBLUE-XL,97263766,KALNNTST97263766,30227872,1,,0,1,14:39.0
19498,28,SJIT,230KL167YK251BLACK-M,92191044,KALNKRTA92191044,28697792,1,,0,1,50:45.0
19498,81,SJIT,600KL1500YKMAROON-XS,97283525,KALNTOPS97283525,30234559,1,,0,1,21:18.0
19498,81,SJIT,862KL1556PLYKGREEN-5XL,108407860,KALNKRTI108407860,33567028,3,,0,1,14:46.0
19498,36,SJIT,IKR_1048PLYKBLUE-XXL,125437301,IRASTOPS125437301,39287054,3,,0,1,50:05.0
19498,15774,SJIT,IKR1258PLYKNWHITE-6XL,108907882,IRASKRTA108907882,33711056,2,,0,1,42:43.0
19498,36,SJIT,IKR1258PLYKWHITE-5XL,108907923,IRASKRTA108907923,33711065,2,,0,1,49:10.0
19498,81,SJIT,KL_1894PLYKGREEN-3XL,123892472,KALNKRTA123892472,38820775,2,,0,1,05:20.0
19498,15774,SJIT,IKR1057PLYKBLUE-5XL,109011462,IRASTNIC109011462,33741626,3,,0,1,28:39.0
19498,15774,SJIT,222KL225YK148OWHTE-L,92190838,KALNKRTA92190838,28697752,1,,0,1,27:56.0
19498,81,SJIT,110KL1262PLYKBLACK-4XL,91359970,KALNKRTA91359970,28421024,1,,0,1,16:41.0
19498,81,SJIT,KL_1892YKMULTI-3XL,125129758,KALNKASS125129758,39204373,1,,0,1,27:22.0
19498,81,SJIT,107KL1266YKCBLUE-XL,118722553,KALNKRTA118722553,37107382,2,,0,1,56:29.0
19498,28,SJIT,257KL1540PLYKGREEN-XXL,92764866,KALNKRTA92764866,28878062,2,,0,1,33:12.0
19498,81,SJIT,IKR1293PLYKMAROON-5XL,108907910,IRASKRTA108907910,33711062,4,,0,1,17:25.0
19498,81,SJIT,109KL1262YKBLACK-L,91359952,KALNKRTA91359952,28421020,3,,0,1,58:10.0
19498,36,SJIT,187KL315YK251TEAL-S,92190922,KALNKRTA92190922,28697770,2,,0,1,11:36.0
19498,15774,SJIT,278KL1507PLYKPINK-3XL,92764966,KALNKRTA92764966,28878084,5,,0,1,35:11.0
19498,36,SJIT,KL_1112DPT21MULTI-XL,118276396,KALNKASS118276396,36964883,1,,0,1,29:01.0
19498,81,SJIT,190KL314PLYKN411RED-8XL,92190890,KALNKRTA92190890,28697764,1,,0,1,50:23.0
19498,81,SJIT,KL_1576PLYKNGREEN-7XL,124435210,KALNKASS124435210,39001049,1,,0,1,20:46.0
19498,15774,SJIT,IKR_4010DRSMULTI-L,129011032,IRASTOPS129011032,40324169,2,,0,1,30:38.0
19498,15774,SJIT,666KL1271YKPINK-L,97263768,KALNNTST97263768,30227874,1,,0,1,38:23.0
19498,36,SJIT,107KL1266YKCBLUE-XL,118722553,KALNKRTA118722553,37107382,3,,0,1,09:34.0
19498,36,SJIT,189KL314YK411RED-XS,92190940,KALNKRTA92190940,28697774,1,,0,1,25:23.0
19498,15774,SJIT,929KL1552PLYKNRED-8XL,113009349,KALNKRTA113009349,35220584,1,,0,1,34:40.0
19498,81,SJIT,224KL190YK214MEHROON-M,92190810,KALNKRTA92190810,28697746,1,,0,1,36:10.0
19498,36,SJIT,KL_1576PLYKNGREEN-8XL,124435211,KALNKASS124435211,39001049,1,,0,1,22:13.0
19498,36,SJIT,IKR1251PLYKMAROON-XXL,108891060,IRASKRTA108891060,33706422,2,,0,1,50:05.0
19498,15774,SJIT,68KL1472YKGREEN-S,88497148,KALNKASS88497148,27468290,1,,0,1,31:48.0
19498,15774,SJIT,224KL190YK214MEHROON-XS,92190804,KALNKRTA92190804,28697746,2,,0,1,07:58.0
19498,36,SJIT,119KL1255YKMAROON-L,89286480,KALNKRTA89286480,27738664,1,,0,1,34:43.0
19498,15774,SJIT,97KL1293YKCMAROON-XL,117290163,KALNKRTA117290163,36683244,10,,0,1,33:39.0
19498,81,SJIT,158KL1197PLYKCGREEN-5XL,118722623,KALNKRTA118722623,37107398,1,,0,1,51:58.0
19498,81,SJIT,189KL314YK411RED-XS,92190940,KALNKRTA92190940,28697774,1,,0,1,55:50.0
19498,28,SJIT,278KL1507PLYKPINK-3XL,92764966,KALNKRTA92764966,28878084,3,,0,1,01:01.0
19498,15774,SJIT,257KL1540PLYKGREEN-4XL,92764870,KALNKRTA92764870,28878062,3,,0,1,31:04.0
19498,15774,SJIT,235KL165PLYKC251MUSTRAD-XXL,117290172,KALNKRTA117290172,36683245,13,,0,1,04:46.0
19498,15774,SJIT,KL_1892YKMULTI-XXL,125129757,KALNKASS125129757,39204373,1,,0,1,26:23.0
19498,15774,SJIT,IKR1532YKBLUE-L,109011056,IRASKRTI109011056,33741532,1,,0,1,53:00.0
19498,81,SJIT,IKR1391PLYKBLUE-3XL,108895384,IRASKRTA108895384,33707594,3,,0,1,55:49.0
19498,81,SJIT,818KL1202PLYKNBLUE-6XL,107258267,KALNNTST107258267,33239238,1,,0,1,21:31.0
19498,15774,SJIT,481KL1588YKBLUE-L,96091578,KALNKRTI96091578,29872844,1,,0,1,30:26.0
19498,36,SJIT,KL_7097YKBLUE-4XL,122720857,KALNSRBL122720857,38450605,2,,0,1,16:58.0
19498,28,SJIT,234KL165YK251MUSTRAD-L,92764694,KALNKRTA92764694,28878018,2,,0,1,32:14.0
19498,15774,SJIT,173KL1112PLYKBLACK-3XL,91306240,KALNKRTA91306240,28405598,1,,0,1,52:17.0
19498,15774,SJIT,KL_1594PLYKYELLOW-XXL,118282706,KALNKRTA118282706,36966955,1,,0,1,51:32.0
19498,81,SJIT,KL_1817YKPURPLE-S,118278624,KALNKASS118278624,36965907,1,,0,1,59:14.0
19498,28,SJIT,278KL1507PLYKPINK-5XL,92764962,KALNKRTA92764962,28878084,5,,0,1,17:18.0
19498,28,SJIT,233KL166PLYK251BLUE-3XL,92764702,KALNKRTA92764702,28878020,2,,0,1,27:31.0
19498,28,SJIT,231KL167PLYK251BLACK-5XL,92191068,KALNKRTA92191068,28697798,2,,0,1,39:17.0
19498,36,SJIT,222KL225YK148OWHTE-L,92190838,KALNKRTA92190838,28697752,1,,0,1,39:31.0
19498,81,SJIT,230KL167YK251BLACK-XL,92191040,KALNKRTA92191040,28697792,5,,0,1,08:21.0
19498,15774,SJIT,240KL1592PLYKBLUE-XXL,92764974,KALNKRTA92764974,28878088,2,,0,1,00:37.0
19498,36,SJIT,IKR1486PLYKPURPLE-XXL,109009015,IRASKRTA109009015,33740891,2,,0,1,32:28.0
19498,15774,SJIT,679KL5008YKGREEN-XL,97349222,KALNTRSR97349222,30256941,1,,0,1,00:23.0
19498,81,SJIT,278KL1507PLYKPINK-3XL,92764966,KALNKRTA92764966,28878084,5,,0,1,11:57.0
19498,36,SJIT,IKR1251PLYKMAROON-5XL,108891059,IRASKRTA108891059,33706422,2,,0,1,48:33.0
19498,81,SJIT,KL_1048PLYKBLUE-3XL,118052570,KALNTOPS118052570,36903609,3,,0,1,56:53.0
19498,81,SJIT,120KL1255PLYKMAROON-5XL,91359912,KALNKRTA91359912,28421010,2,,0,1,14:29.0
19498,36,SJIT,KL_1048PLYKBLUE-3XL,118052570,KALNTOPS118052570,36903609,2,,0,1,59:45.0
19498,15774,SJIT,230KL167YK251BLACK-XL,92191040,KALNKRTA92191040,28697792,10,,0,1,33:39.0
19498,15774,SJIT,862KL1556PLYKGREEN-XXL,108407861,KALNKRTI108407861,33567028,2,,0,1,52:37.0
19498,81,SJIT,IKR1060PLYKBEIGE-3XL,108890665,IRASKRTA108890665,33706228,2,,0,1,14:17.0
19498,36,SJIT,363KL1370PLYKMAROON-6XL,101931316,KALNKRTA101931316,29286810,1,,0,1,11:24.0
19498,36,SJIT,240KL1592PLYKBLUE-5XL,92764978,KALNKRTA92764978,28878088,3,,0,1,22:03.0
19498,81,SJIT,208KL275YK146MULTI-XL,92191126,KALNKRTA92191126,28697810,2,,0,1,56:29.0
19498,81,SJIT,173KL1112PLYKBLACK-3XL,91306240,KALNKRTA91306240,28405598,1,,0,1,13:53.0
19498,81,SJIT,KL_7098YKPINK-5XL,123757483,KALNSRBL123757483,38783605,1,,0,1,40:20.0
19498,36,SJIT,743KL1592PLYKNBLUE-8XL,101974751,KALNKRTA101974751,31647630,1,,0,1,04:11.0
19498,36,SJIT,KL_1594YKYELLOW-M,118282708,KALNKRTA118282708,36966956,1,,0,1,19:53.0
19498,81,SJIT,KL_7097YKBLUE-5XL,122720858,KALNSRBL122720858,38450605,2,,0,1,11:57.0
19498,28,SJIT,107KL1266YKCBLUE-S,118722552,KALNKRTA118722552,37107382,2,,0,1,12:31.0
19498,15774,SJIT,110KL1262PLYKBLACK-XXL,91359974,KALNKRTA91359974,28421024,2,,0,1,40:11.0
19498,36,SJIT,239KL1592YKBLUE-XL,92764762,KALNKRTA92764762,28878036,1,,0,1,08:47.0
19498,81,SJIT,425KL1258PLYKWHITE-XXL,96090473,KALNKRTA96090473,29872586,2,,0,1,50:28.0
19498,81,SJIT,602KL206YK324MUSTARD-S,97165940,KALNTOPS97165940,30198076,1,,0,1,04:30.0
19498,15774,SJIT,69KL1472PLYKGREEN-3XL,88497210,KALNKASS88497210,27468304,1,,0,1,57:41.0
19498,15774,SJIT,814KL1540PLYKNGREEN-7XL,107259220,KALNKRTA107259220,33239411,2,,0,1,34:41.0
19498,15774,SJIT,187KL315YK251TEAL-M,92190924,KALNKRTA92190924,28697770,1,,0,1,22:15.0
19498,15774,SJIT,232KL166YK251BLUE-S,92764724,KALNKRTA92764724,28878026,5,,0,1,37:34.0
19498,15774,SJIT,438KL1189PLYKNMAROON-8XL,94679528,KALNKRTA94679528,29457916,1,,0,1,57:07.0
19498,36,SJIT,IKR67YK83INDIGO-L,108401821,IRASDRSS108401821,33565233,1,,0,1,57:15.0
19498,36,SJIT,KL_5037PLYKPINK-5XL,118285616,KALNTRSR118285616,36967803,1,,0,1,46:21.0
19498,36,SJIT,KL_1341PLYKNGREEN-6XL,118054196,KALNKRTI118054196,36903896,2,,0,1,51:01.0
19498,15774,SJIT,IKR1532YKBLUE-M,109011059,IRASKRTI109011059,33741532,2,,0,1,57:50.0
19498,36,SJIT,224KL190YK214MEHROON-XS,92190804,KALNKRTA92190804,28697746,1,,0,1,49:49.0
19498,15774,SJIT,KL_1576PLYKGREEN-4XL,124435214,KALNKASS124435214,39001050,2,,0,1,50:48.0
19498,81,SJIT,278KL1507PLYKPINK-5XL,92764962,KALNKRTA92764962,28878084,5,,0,1,11:57.0
19498,36,SJIT,471KL1341PLYKGREEN-3XL,96091568,KALNKRTI96091568,29872841,2,,0,1,23:34.0
19498,36,SJIT,615KL318PLYK406YELLOW-XXL,97283496,KALNTOPS97283496,30234553,1,,0,1,40:43.0
19498,81,SJIT,771KL1266PLYKNBLUE-8XL,102556061,KALNKRTA102556061,31835089,1,,0,1,30:58.0
19498,81,SJIT,444KL224PLYK148BNDJ-4XL,95150360,KALNKRTA95150360,29596686,1,,0,1,51:35.0
19498,81,SJIT,IKR1057YKBLUE-XL,109011444,IRASTNIC109011444,33741622,2,,0,1,23:25.0
19498,81,SJIT,787KL1043PLYKNMAROON-8XL,104547861,KALNTOPS104547861,32455712,1,,0,1,20:46.0
19498,81,SJIT,424KL1258YKCWHITE-M,117290159,KALNKRTA117290159,36683242,1,,0,1,53:54.0
19498,81,SJIT,256KL1540YKGREEN-XL,92764786,KALNKRTA92764786,28878042,1,,0,1,56:54.0
19498,36,SJIT,190KL314PLYKN411RED-8XL,92190890,KALNKRTA92190890,28697764,1,,0,1,08:26.0
19498,81,SJIT,KL_1894YKGREEN-M,123892478,KALNKRTA123892478,38820776,3,,0,1,51:17.0
19498,81,SJIT,IKR1532YKBLUE-XS,109011062,IRASKRTI109011062,33741532,1,,0,1,12:23.0
19498,15774,SJIT,107KL1266YKCBLUE-S,118722552,KALNKRTA118722552,37107382,2,,0,1,40:54.0
19498,28,SJIT,277KL1507YKPINK-L,92764958,KALNKRTA92764958,28878082,1,,0,1,18:31.0
19498,36,SJIT,187KL315YK251TEAL-L,92190926,KALNKRTA92190926,28697770,1,,0,1,46:46.0
19498,36,SJIT,234KL165YK251MUSTRAD-XL,92764688,KALNKRTA92764688,28878018,23,,0,1,31:33.0
19498,15774,SJIT,665KL1271PLYKPINK-5XL,97263736,KALNNTST97263736,30227866,2,,0,1,42:14.0
19498,81,SJIT,IKR1048YKBLUE-L,109040188,IRASTOPS109040188,33750538,2,,0,1,04:53.0
19498,36,SJIT,895KL289YK345YELLOW-XL,108410074,KALNTOPS108410074,33567696,1,,0,1,33:54.0
19498,15774,SJIT,743KL1592PLYKNBLUE-7XL,101974750,KALNKRTA101974750,31647630,3,,0,1,45:42.0
19498,28,SJIT,231KL167PLYK251BLACK-XXL,92191066,KALNKRTA92191066,28697798,5,,0,1,18:04.0
19498,15774,SJIT,277KL1507YKPINK-L,92764958,KALNKRTA92764958,28878082,2,,0,1,42:31.0
19498,36,SJIT,230KL167YK251BLACK-XL,92191040,KALNKRTA92191040,28697792,11,,0,1,37:20.0
19498,81,SJIT,444KL224PLYK148BNDJ-XXL,95150356,KALNKRTA95150356,29596686,1,,0,1,36:08.0
19498,15774,SJIT,IKR_1048PLYKBLUE-3XL,125437302,IRASTOPS125437302,39287054,3,,0,1,32:38.0
19498,36,SJIT,IKR1251PLYKMAROON-3XL,108891057,IRASKRTA108891057,33706422,2,,0,1,50:05.0
19498,36,SJIT,277KL1507YKPINK-L,92764958,KALNKRTA92764958,28878082,2,,0,1,14:55.0
19498,15774,SJIT,IKR1057YKBLUE-XL,109011444,IRASTNIC109011444,33741622,3,,0,1,52:30.0
19498,28,SJIT,814KL1540PLYKNGREEN-7XL,107259220,KALNKRTA107259220,33239411,2,,0,1,13:39.0
19498,81,SJIT,IKR1057PLYKBLUE-XXL,109011463,IRASTNIC109011463,33741626,2,,0,1,06:40.0
19498,81,SJIT,IKR301YK340TYEDYE-XL,109122571,IRASTOPS109122571,33774303,1,,0,1,01:23.0
19498,36,SJIT,235KL165PLYKC251MUSTRAD-XXL,117290172,KALNKRTA117290172,36683245,13,,0,1,42:28.0
19498,81,SJIT,862KL1556PLYKGREEN-4XL,108407859,KALNKRTI108407859,33567028,2,,0,1,04:55.0
19498,36,SJIT,690KL5014PLYKMAROON-4XL,97349271,KALNTRSR97349271,30256955,1,,0,1,20:05.0
19498,28,SJIT,230KL167YK251BLACK-XS,92191038,KALNKRTA92191038,28697792,2,,0,1,18:05.0
19498,15774,SJIT,IKR1057YKBLUE-XS,109011445,IRASTNIC109011445,33741622,2,,0,1,18:16.0
19498,81,SJIT,187KL315YK251TEAL-L,92190926,KALNKRTA92190926,28697770,2,,0,1,41:44.0
19498,36,SJIT,108KL1266PLYKBLUE-XXL,91359940,KALNKRTA91359940,28421016,2,,0,1,36:20.0
19498,81,SJIT,181KL9YK148BLACK-XL,92190726,KALNKRTA92190726,28697728,2,,0,1,14:15.0
19498,36,SJIT,233KL166PLYK251BLUE-5XL,92764698,KALNKRTA92764698,28878020,5,,0,1,02:39.0
19498,81,SJIT,579KL1348YKMULTI-XXL,97165970,KALNTOPS97165970,30198095,3,,0,1,49:49.0
19498,81,SJIT,664KL1268YKMULTI-L,97263729,KALNNTST97263729,30227865,3,,0,1,42:00.0
19498,15774,SJIT,579KL1348YKMULTI-XL,97165969,KALNTOPS97165969,30198095,1,,0,1,18:25.0
19498,36,SJIT,IKR_1876YKMAROON-L,125624341,IRASCOORD125624341,39352272,1,,0,1,57:20.0
19498,81,SJIT,894KL289PLYKN345YELLOW-8XL,108410255,KALNTOPS108410255,33567755,1,,0,1,17:44.0
19498,81,SJIT,KL_167PLYKN251BLACK-6XL,118060365,KALNKRTA118060365,36905711,2,,0,1,53:02.0
19498,36,SJIT,IKR_1048PLYKBLUE-4XL,125437303,IRASTOPS125437303,39287054,2,,0,1,11:47.0
19498,15774,SJIT,893KL289PLYK345YELLOW-4XL,108410064,KALNTOPS108410064,33567693,1,,0,1,09:46.0
19498,36,SJIT,109KL1262YKBLACK-L,91359952,KALNKRTA91359952,28421020,2,,0,1,14:55.0
19498,15774,SJIT,460KL1507PLYKNPINK-8XL,95150242,KALNKRTA95150242,29596652,1,,0,1,41:41.0
19498,36,SJIT,IKR1532YKBLUE-M,109011059,IRASKRTI109011059,33741532,3,,0,1,53:03.0
19498,81,SJIT,239KL1592YKBLUE-M,92764766,KALNKRTA92764766,28878036,2,,0,1,19:49.0
19498,36,SJIT,256KL1540YKGREEN-S,92764788,KALNKRTA92764788,28878042,1,,0,1,24:06.0
19498,81,SJIT,50KL1085PLYKPINK-5XL,88023190,KALNKRTA88023190,27324026,1,,0,1,09:40.0
19498,28,SJIT,230KL167YK251BLACK-XL,92191040,KALNKRTA92191040,28697792,1,,0,1,11:38.0
19498,28,SJIT,743KL1592PLYKNBLUE-6XL,101974749,KALNKRTA101974749,31647630,3,,0,1,13:39.0
19498,81,SJIT,209KL275PLYK146MULTI-XXL,92191114,KALNKRTA92191114,28697808,1,,0,1,21:28.0
19498,15774,SJIT,KL_1529DPT11WINE-XL,118276476,KALNKASS118276476,36964903,2,,0,1,03:14.0
19498,15774,SJIT,KL_1048PLYKNBLUE-7XL,118052574,KALNTOPS118052574,36903610,1,,0,1,48:21.0
19498,15774,SJIT,188KL315PLYK251TEAL-XXL,92190898,KALNKRTA92190898,28697766,2,,0,1,40:11.0
19498,36,SJIT,IKR1532PLYKNBLUE-7XL,113177526,IRASKRTI113177526,35283168,1,,0,1,36:48.0
19498,15774,SJIT,225KL190PLYK214MEHROON-5XL,92190826,KALNKRTA92190826,28697750,3,,0,1,27:08.0
19498,36,SJIT,600KL1500YKMAROON-S,97283523,KALNTOPS97283523,30234559,1,,0,1,21:18.0
19498,36,SJIT,867KL1557YKRED-XL,108407880,KALNKRTI108407880,33567033,1,,0,1,05:58.0
19498,15774,SJIT,119KL1255YKMAROON-L,89286480,KALNKRTA89286480,27738664,1,,0,1,25:34.0
19498,81,SJIT,664KL1268YKMULTI-S,97263735,KALNNTST97263735,30227865,3,,0,1,42:00.0
19498,81,SJIT,230KL167YK251BLACK-L,92191046,KALNKRTA92191046,28697792,11,,0,1,13:28.0
19498,15774,SJIT,KL_AK-232WHITE-XXL,133236286,KALNKRTA133236286,41671585,1,,0,1,57:15.0
19498,81,SJIT,248KL1552YKRED-M,92764798,KALNKRTA92764798,28878044,1,,0,1,24:49.0
19498,36,SJIT,IKR_4018DRSBLUE-M,129011057,IRASTOPS129011057,40324174,1,,0,1,17:49.0
19498,81,SJIT,894KL289PLYKN345YELLOW-7XL,108410254,KALNTOPS108410254,33567755,1,,0,1,50:23.0
19498,81,SJIT,97KL1293YKCMAROON-S,117290164,KALNKRTA117290164,36683244,5,,0,1,23:31.0
19498,15774,SJIT,238KL1593PLYKGREEN-5XL,92764970,KALNKRTA92764970,28878086,4,,0,1,54:22.0
19498,81,SJIT,110KL1262PLYKBLACK-5XL,91359972,KALNKRTA91359972,28421024,1,,0,1,45:13.0
19498,15774,SJIT,196KL311PLYK148BBNDJ-4XL,92191140,KALNKRTA92191140,28697812,1,,0,1,48:23.0
19498,15774,SJIT,KL_165YK251MUSTRAD-8XL,120369314,KALNKRTA120369314,37646516,2,,0,1,02:46.0
19498,36,SJIT,894KL289PLYKN345YELLOW-8XL,108410255,KALNTOPS108410255,33567755,1,,0,1,07:14.0
19498,36,SJIT,893KL289PLYK345YELLOW-4XL,108410064,KALNTOPS108410064,33567693,1,,0,1,10:00.0
19498,36,SJIT,IKR_1876YKMAROON-XL,125624342,IRASCOORD125624342,39352272,2,,0,1,57:20.0
19498,81,SJIT,IKR1556YKGREEN-S,109011121,IRASKRTI109011121,33741545,1,,0,1,54:26.0
19498,15774,SJIT,IKR1556YKGREEN-S,109011121,IRASKRTI109011121,33741545,1,,0,1,38:44.0
19498,15774,SJIT,KL_1901YKBLUE-M,125191896,KALNNTST125191896,39223201,1,,0,1,28:34.0
19498,15774,SJIT,252KL1548YKPINK-M,92764822,KALNKRTA92764822,28878050,1,,0,1,24:22.0
19498,81,SJIT,IKR289YK345YELLOW-L,109122723,IRASTOPS109122723,33774381,1,,0,1,51:51.0
19498,15774,SJIT,IKR_4018DRSBLUE-L,129011059,IRASTOPS129011059,40324174,2,,0,1,13:56.0
19498,36,SJIT,218KL241YK287BLACKRAY-S,92190818,KALNKRTA92190818,28697748,1,,0,1,14:08.0
19498,36,SJIT,110KL1262PLYKBLACK-4XL,91359970,KALNKRTA91359970,28421024,1,,0,1,26:42.0
19498,36,SJIT,KL_1901PLYKBLUE-XXL,125191903,KALNNTST125191903,39223203,1,,0,1,08:53.0
19498,15774,SJIT,424KL1258YKCWHITE-L,117290160,KALNKRTA117290160,36683242,1,,0,1,48:32.0
19498,81,SJIT,IKR1048YKBLUE-M,109040189,IRASTOPS109040189,33750538,1,,0,1,31:59.0
19498,28,SJIT,187KL315YK251TEAL-XL,92190920,KALNKRTA92190920,28697770,2,,0,1,33:12.0
19498,81,SJIT,182KL9PLYK148BLACK-4XL,92190716,KALNKRTA92190716,28697726,2,,0,1,58:28.0
19498,36,SJIT,232KL166YK251BLUE-S,92764724,KALNKRTA92764724,28878026,10,,0,1,46:02.0
19498,15774,SJIT,743KL1592PLYKNBLUE-8XL,101974751,KALNKRTA101974751,31647630,3,,0,1,41:44.0
19498,36,SJIT,224KL190YK214MEHROON-L,92190812,KALNKRTA92190812,28697746,2,,0,1,16:56.0
19498,15774,SJIT,645KL1488YKWHITE-XL,97225075,KALNDRSS97225075,30216891,1,,0,1,40:59.0
19498,81,SJIT,665KL1271PLYKPINK-3XL,97263730,KALNNTST97263730,30227866,1,,0,1,57:30.0
19498,15774,SJIT,187KL315YK251TEAL-XL,92190920,KALNKRTA92190920,28697770,2,,0,1,33:39.0
19498,15774,SJIT,471KL1341PLYKGREEN-3XL,96091568,KALNKRTI96091568,29872841,2,,0,1,52:37.0
19498,81,SJIT,IKR1251PLYKMAROON-3XL,108891057,IRASKRTA108891057,33706422,2,,0,1,37:55.0
19498,15774,SJIT,234KL165YK251MUSTRAD-S,92764690,KALNKRTA92764690,28878018,9,,0,1,38:44.0
19498,15774,SJIT,664KL1268YKMULTI-XL,97263738,KALNNTST97263738,30227865,2,,0,1,28:34.0
19498,36,SJIT,98KL1293PLYKMAROON-XXL,91360094,KALNKRTA91360094,28421050,11,,0,1,23:34.0
19498,81,SJIT,600KL1500YKMAROON-S,97283523,KALNTOPS97283523,30234559,1,,0,1,21:18.0
19498,28,SJIT,239KL1592YKBLUE-M,92764766,KALNKRTA92764766,28878036,1,,0,1,16:46.0
19498,81,SJIT,68KL1472YKGREEN-S,88497148,KALNKASS88497148,27468290,1,,0,1,17:55.0
19498,36,SJIT,886KL1602PLYKLAVENDER-5XL,108410263,KALNTOPS108410263,33567757,1,,0,1,31:56.0
19498,36,SJIT,239KL1592YKBLUE-M,92764766,KALNKRTA92764766,28878036,2,,0,1,52:38.0
19498,15774,SJIT,IKR_AK-226INDIGO-XL,129011035,IRASTOPS129011035,40324171,1,,0,1,24:38.0
19498,81,SJIT,233KL166PLYK251BLUE-XXL,92764696,KALNKRTA92764696,28878020,4,,0,1,10:39.0
19498,36,SJIT,472KL1341YKGREEN-L,96091619,KALNKRTI96091619,29872852,1,,0,1,27:20.0
19498,15774,SJIT,KL_1576PLYKGREEN-3XL,124435213,KALNKASS124435213,39001050,2,,0,1,39:37.0
19498,36,SJIT,IKR1532YKBLUE-L,109011056,IRASKRTI109011056,33741532,2,,0,1,01:38.0
19498,36,SJIT,IKR_1048PLYKBLUE-3XL,125437302,IRASTOPS125437302,39287054,2,,0,1,12:01.0
19498,36,SJIT,KL_AK-232WHITE-XS,133236281,KALNKRTA133236281,41671585,1,,0,1,24:34.0
19498,15774,SJIT,IKR1293PLYKMAROON-3XL,108907908,IRASKRTA108907908,33711062,2,,0,1,30:26.0
