Name,Combo SKU Code,Combo Package Dimensions,Combo Product Weight,Combo Product Category,Combo Color,Combo Size,Combo Brand,Combo Selling Price,Combo Shipping Mode,Combo Image Url,HSN Code,GST Tax Name,Combo Sync Mode,Combo Qty Stock,Combo MRP,Calculated Last Purchase Price,Date Created,Child SKU Code 1,Child SKU Qty 1,Child SKU Price 1,Child SKU Code 2,Child SKU Qty 2,Child SKU Price 2,Child SKU Code 3,Child SKU Qty 3,Child SKU Price 3,Child SKU Code 4,Child SKU Qty 4,Child SKU Price 4,Child SKU Code 5,Child SKU Qty 5,Child SKU Price 5,Child SKU Code 6,Child SKU Qty 6,Child SKU Price 6,Child SKU Code 7,Child SKU Qty 7,Child SKU Price 7,Child SKU Code 8,Child SKU Qty 8,Child SKU Price 8,Child SKU Code 9,Child SKU Qty 9,Child SKU Price 9,Child SKU Code 10,Child SKU Qty 10,Child SKU Price 10
"TOP PAINT COMBO","1152YKCMB5012-S","22.0000x20.0000x1.5000","300","Kurti","","","","0.00","0","","61041100","'GST5-12 to 5 &18%","","0","0.00","614.00","March 03, 2020 03:56:27 PM","1152YKWHITE-S","1","374.00","5012YKPINK-S","1","297.00"
"TOP PAINT COMBO","1152YKCMB5012-M","22.0000x20.0000x1.5000","300","Kurti","","","","0.00","0","","61041100","'GST5-12 to 5 &18%","","0","0.00","614.00","March 03, 2020 04:03:50 PM","1152YKWHITE-M","1","374.00","5012YKPINK-M","1","297.00"
"TOP PAINT COMBO","1152YKCMB5012-L","22.0000x20.0000x1.5000","300","Kurti","","","","0.00","0","","61041100","'GST5-12 to 5 &18%","","0","0.00","614.00","March 03, 2020 04:41:09 PM","1152YKWHITE-L","1","374.00","5012YKPINK-L","1","297.00"
"TOP PAINT COMBO","1152YKCMB5012-XL","22.0000x20.0000x1.5000","300","Kurti","","","","0.00","0","","61041100","'GST5-12 to 5 &18%","","0","0.00","614.00","March 03, 2020 04:46:28 PM","1152YKWHITE-XL","1","374.00","5012YKPINK-XL","1","297.00"
"TOP PAINT COMBO","1153YKCMB5016-S","22.0000x20.0000x1.5000","300","Kurti","","","","0.00","0","","61041100","'GST5-12 to 5 &18%","","0","0.00","559.00","March 03, 2020 04:48:45 PM","1153YKPINK-S","1","319.00","5016YKBLUE-S","1","308.00"
"TOP PAINT COMBO","1153YKCMB5016-M","22.0000x20.0000x1.5000","300","Kurti","","","","0.00","0","","61041100","'GST5-12 to 5 &18%","","0","0.00","559.00","March 03, 2020 04:48:56 PM","1153YKPINK-M","1","319.00","5016YKBLUE-M","1","308.00"
"TOP PAINT COMBO","1153YKCMB5016-L","22.0000x20.0000x1.5000","300","Kurti","","","","0.00","0","","61041100","'GST5-12 to 5 &18%","","0","0.00","559.00","March 03, 2020 04:49:06 PM","1153YKPINK-L","1","319.00","5016YKBLUE-L","1","308.00"
"TOP PAINT COMBO","1153YKCMB5016-XL","22.0000x20.0000x1.5000","300","Kurti","","","","0.00","0","","61041100","'GST5-12 to 5 &18%","","0","0.00","559.00","March 03, 2020 04:49:16 PM","1153YKPINK-XL","1","319.00","5016YKBLUE-XL","1","308.00"
"TOP PAINT COMBO","1143YKCMB5012-L","22.0000x20.0000x1.5000","400","Kurti","","","","0.00","0","","61041100","'GST5-12 to 5 &18%","","0","0.00","614.00","July 10, 2020 04:22:28 PM","1143YKGREEN-L","1","588.00","5012YKPINK-L","1","297.00"
"TOP PAINT COMBO","1143YKCMB5012-XL","22.0000x20.0000x1.5000","400","Kurti","","","","0.00","0","","61041100","'GST5-12 to 5 &18%","","0","0.00","614.00","July 10, 2020 04:24:29 PM","1143YKGREEN-XL","1","588.00","5012YKPINK-XL","1","297.00"
"TOP PAINT COMBO","1143YKCMB5012-XXL","22.0000x20.0000x1.5000","400","Kurti","","","","0.00","0","","61041100","'GST5-12 to 5 &18%","","0","0.00","680.00","July 10, 2020 04:27:21 PM","1143YKGREEN-XXL","1","588.00","5012YKPINK-XXL","1","1.00"
"TOP PAINT COMBO","1145YKCMB5012-S","22.0000x20.0000x1.5000","400","Kurti","","","","0.00","0","","61041100","'GST5-12 to 5 &18%","","0","0.00","636.00","July 10, 2020 04:30:44 PM","1145YKBLACK-S","1","578.00","5012YKPINK-S","1","297.00"
"TOP PAINT COMBO","1145YKCMB5012-M","22.0000x20.0000x1.5000","400","Kurti","","","","0.00","0","","61041100","'GST5-12 to 5 &18%","","0","0.00","636.00","July 10, 2020 04:31:39 PM","1145YKBLACK-M","1","578.00","5012YKPINK-M","1","297.00"
"TOP PAINT COMBO","1145YKCMB5012-L","22.0000x20.0000x1.5000","400","Kurti","","","","0.00","0","","61041100","'GST5-12 to 5 &18%","","0","0.00","636.00","July 10, 2020 04:37:15 PM","1145YKBLACK-L","1","578.00","5012YKPINK-L","1","297.00"
"TOP PAINT COMBO","1145YKCMB5012-XL","22.0000x20.0000x1.5000","400","Kurti","","","","0.00","0","","61041100","'GST5-12 to 5 &18%","","0","0.00","636.00","July 10, 2020 04:38:00 PM","1145YKBLACK-XL","1","578.00","5012YKPINK-XL","1","297.00"
"TOP PAINT COMBO","1145YKCMB5012-XXL","22.0000x20.0000x1.5000","400","Kurti","","","","0.00","0","","61041100","'GST5-12 to 5 &18%","","0","0.00","702.00","July 10, 2020 04:39:41 PM","1145YKBLACK-XXL","1","578.00","5012YKPINK-XXL","1","1.00"
"TOP PAINT COMBO","1144YKCMB5012-M","22.0000x20.0000x1.5000","400","Kurti","","","","0.00","0","","61041100","'GST5-12 to 5 &18%","","0","0.00","636.00","July 10, 2020 04:43:36 PM","1144YKWHITE-M","1","577.00","5012YKPINK-M","1","297.00"
"TOP PAINT COMBO","1144YKCMB5012-L","22.0000x20.0000x1.5000","400","Kurti","","","","0.00","0","","61041100","'GST5-12 to 5 &18%","","0","0.00","636.00","July 10, 2020 04:43:54 PM","1144YKWHITE-L","1","577.00","5012YKPINK-L","1","297.00"
"TOP PAINT COMBO","1144YKCMB5012-XL","22.0000x20.0000x1.5000","400","Kurti","","","","0.00","0","","61041100","'GST5-12 to 5 &18%","","0","0.00","636.00","July 10, 2020 04:44:14 PM","1144YKWHITE-XL","1","577.00","5012YKPINK-XL","1","297.00"
"TOP PAINT COMBO","1144YKCMB5012-XXL","22.0000x20.0000x1.5000","400","Kurti","","","","0.00","0","","61041100","'GST5-12 to 5 &18%","","0","0.00","702.00","July 10, 2020 04:46:28 PM","1144YKWHITE-XXL","1","577.00","5012YKPINK-XXL","1","1.00"
"TOP PAINT COMBO","1119YKCMB5010-S","22.0000x20.0000x1.5000","400","Kurti","","","","0.00","0","","61041100","'GST5-12 to 5 &18%","","0","0.00","647.00","July 10, 2020 04:51:48 PM","1119YKBLUE-S","1","347.00","5010YKWHITE-S","1","1.00"
"TOP PAINT COMBO","1119YKCMB5010-M","22.0000x20.0000x1.5000","400","Kurti","","","","0.00","0","","61041100","'GST5-12 to 5 &18%","","2","0.00","647.00","July 10, 2020 04:52:59 PM","1119YKBLUE-M","1","347.00","5010YKWHITE-M","1","1.00"
"TOP PAINT COMBO","1119YKCMB5010-L","22.0000x20.0000x1.5000","400","Kurti","","","","0.00","0","","61041100","'GST5-12 to 5 &18%","","0","0.00","647.00","July 10, 2020 04:53:42 PM","1119YKBLUE-L","1","347.00","5010YKWHITE-L","1","1.00"
"TOP PAINT COMBO","1119YKCMB5010-XL","22.0000x20.0000x1.5000","400","Kurti","","","","0.00","0","","61041100","'GST5-12 to 5 &18%","","0","0.00","647.00","July 10, 2020 04:54:32 PM","1119YKBLUE-XL","1","347.00","5010YKWHITE-XL","1","1.00"
"TOP PAINT COMBO","1119YKCMB5010-XXL","22.0000x20.0000x1.5000","400","Kurti","","","","0.00","0","","61041100","'GST5-12 to 5 &18%","","0","0.00","713.00","July 10, 2020 04:55:14 PM","1119YKBLUE-XXL","1","347.00","5010YKWHITE-XXL","1","319.00"
"TOP PAINT COMBO","1141YKCMB5012-M","22.0000x20.0000x1.5000","450","Kurti","","","","0.00","0","","61041100","'GST5-12 to 5 &18%","","0","0.00","702.00","July 27, 2020 08:40:56 PM","1141YKSKYBLUE-M","1","450.00","5012YKPINK-M","1","297.00"
"TOP PAINT COMBO","1141YKCMB5012-L","22.0000x20.0000x1.5000","450","Kurti","","","","0.00","0","","61041100","'GST5-12 to 5 &18%","","0","0.00","702.00","July 27, 2020 08:40:56 PM","1141YKSKYBLUE-L","1","450.00","5012YKPINK-L","1","297.00"
"TOP PAINT COMBO","1141YKCMB5012-XL","22.0000x20.0000x1.5000","450","Kurti","","","","0.00","0","","61041100","'GST5-12 to 5 &18%","","0","0.00","702.00","July 27, 2020 08:40:56 PM","1141YKSKYBLUE-XL","1","450.00","5012YKPINK-XL","1","297.00"
"TOP PAINT COMBO","1141YKCMB5012-XXL","22.0000x20.0000x1.5000","450","Kurti","","","","0.00","0","","61041100","'GST5-12 to 5 &18%","","0","0.00","768.00","July 27, 2020 08:40:56 PM","1141YKSKYBLUE-XXL","1","450.00","5012YKPINK-XXL","1","297.00"
"TOP PAINT COMBO","1142YKCMB5010-S","22.0000x20.0000x1.5000","450","Kurti","","","","0.00","0","","61041100","'GST5-12 to 5 &18%","","0","0.00","713.00","July 27, 2020 08:40:56 PM","1142YKPINK-S","1","732.00","5010YKWHITE-S","1","319.00"
"TOP PAINT COMBO","1142YKCMB5010-M","22.0000x20.0000x1.5000","450","Kurti","","","","0.00","0","","61041100","'GST5-12 to 5 &18%","","0","0.00","713.00","July 27, 2020 08:40:56 PM","1142YKPINK-M","1","732.00","5010YKWHITE-M","1","319.00"
"TOP PAINT COMBO","1142YKCMB5010-L","22.0000x20.0000x1.5000","450","Kurti","","","","0.00","0","","61041100","'GST5-12 to 5 &18%","","0","0.00","713.00","July 27, 2020 08:40:56 PM","1142YKPINK-L","1","732.00","5010YKWHITE-L","1","319.00"
"TOP PAINT COMBO","1142YKCMB5010-XL","22.0000x20.0000x1.5000","450","Kurti","","","","0.00","0","","61041100","'GST5-12 to 5 &18%","","0","0.00","713.00","July 27, 2020 08:40:56 PM","1142YKPINK-XL","1","732.00","5010YKWHITE-XL","1","319.00"
"TOP PAINT COMBO","1142YKCMB5010-XXL","22.0000x20.0000x1.5000","450","Kurti","","","","0.00","0","","61041100","'GST5-12 to 5 &18%","","0","0.00","779.00","July 27, 2020 08:40:56 PM","1142YKPINK-XXL","1","732.00","5010YKWHITE-XXL","1","319.00"
"TOP PAINT COMBO","1142YKCMB5010-3XL","22.0000x20.0000x1.5000","450","Kurti","","","","0.00","0","","61041100","'GST5-12 to 5 &18%","","0","0.00","779.00","July 27, 2020 08:40:56 PM","1142YKPINK-3XL","1","732.00","5010YKWHITE-3XL","1","319.00"
"TOP PAINT COMBO","1142YKCMB5010-4XL","22.0000x20.0000x1.5000","450","Kurti","","","","0.00","0","","61041100","'GST5-12 to 5 &18%","","0","0.00","779.00","July 27, 2020 08:40:56 PM","1142YKPINK-4XL","1","732.00","5010YKWHITE-4XL","1","319.00"
"TOP PAINT COMBO","1142YKCMB5010-5XL","22.0000x20.0000x1.5000","450","Kurti","","","","0.00","0","","61041100","'GST5-12 to 5 &18%","","0","0.00","779.00","July 27, 2020 08:40:56 PM","1142YKPINK-5XL","1","732.00","5010YKWHITE-5XL","1","319.00"
"TOP PAINT COMBO","1157YKCMB5006-S","22.0000x20.0000x1.5000","450","Kurti","","","","0.00","0","","61041100","'GST5-12 to 5 &18%","","0","0.00","735.00","July 27, 2020 08:40:56 PM","1157YKMAROON-S","1","754.00","5006YKBLUE-S","1","319.00"
"TOP PAINT COMBO","1157YKCMB5006-M","22.0000x20.0000x1.5000","450","Kurti","","","","0.00","0","","61041100","'GST5-12 to 5 &18%","","0","0.00","735.00","July 27, 2020 08:40:56 PM","1157YKMAROON-M","1","754.00","5006YKBLUE-M","1","319.00"
"TOP PAINT COMBO","1157YKCMB5006-L","22.0000x20.0000x1.5000","450","Kurti","","","","0.00","0","","61041100","'GST5-12 to 5 &18%","","0","0.00","735.00","July 27, 2020 08:40:56 PM","1157YKMAROON-L","1","754.00","5006YKBLUE-L","1","319.00"
"TOP PAINT COMBO","1157YKCMB5006-XL","22.0000x20.0000x1.5000","450","Kurti","","","","0.00","0","","61041100","'GST5-12 to 5 &18%","","0","0.00","735.00","July 27, 2020 08:40:57 PM","1157YKMAROON-XL","1","754.00","5006YKBLUE-XL","1","319.00"
"TOP PAINT COMBO","1157YKCMB5006-XXL","22.0000x20.0000x1.5000","450","Kurti","","","","0.00","0","","61041100","'GST5-12 to 5 &18%","","0","0.00","801.00","July 27, 2020 08:40:57 PM","1157YKMAROON-XXL","1","754.00","5006YKBLUE-XXL","1","319.00"
"Yash Gallery Cotton Kurti With Palazzo - Stitched Suit","1119YKCMB5010-3XL","22.0000x20.0000x1.5000","350","KURTA SET","","","","0.00","0","","61041100","'GST5-12 to 5 &18%","","0","0.00","713.00","July 30, 2020 07:14:21 PM","1119YKBLUE-3XL","1","347.00","5010YKWHITE-3XL","1","319.00"
"Yash Gallery Cotton Kurti With Palazzo - Stitched Suit","1119YKCMB5010-4XL","22.0000x20.0000x1.5000","350","KURTA SET","","","","0.00","0","","61041100","'GST5-12 to 5 &18%","","0","0.00","713.00","July 30, 2020 07:14:21 PM","1119YKBLUE-4XL","1","347.00","5010YKWHITE-4XL","1","319.00"
"Yash Gallery Cotton Kurti With Palazzo - Stitched Suit","1119YKCMB5010-5XL","22.0000x20.0000x1.5000","350","KURTA SET","","","","0.00","0","","61041100","'GST5-12 to 5 &18%","","0","0.00","713.00","July 30, 2020 07:14:21 PM","1119YKBLUE-5XL","1","347.00","5010YKWHITE-5XL","1","319.00"
"Yash Gallery Cotton Kurti With Sharara And Gharara - Stitched Suit","1147YKCMB5017-S","22.0000x20.0000x1.5000","400","Kurta with Sharara","","","","0.00","0","","61041100","'GST5-12 to 5 &18%","","0","0.00","724.00","July 30, 2020 07:47:30 PM","1147YKBANDJ-S","1","578.00","5017YKSHARARA-S","1","440.00"
"Yash Gallery Cotton Kurti With Sharara And Gharara - Stitched Suit","1147YKCMB5017-M","22.0000x20.0000x1.5000","400","Kurta with Sharara","","","","0.00","0","","61041100","'GST5-12 to 5 &18%","","0","0.00","724.00","July 30, 2020 07:47:30 PM","1147YKBANDJ-M","1","578.00","5017YKSHARARA-M","1","440.00"
"Yash Gallery Cotton Kurti With Sharara And Gharara - Stitched Suit","1147YKCMB5017-L","22.0000x20.0000x1.5000","400","Kurta with Sharara","","","","0.00","0","","61041100","'GST5-12 to 5 &18%","","0","0.00","724.00","July 30, 2020 07:47:31 PM","1147YKBANDJ-L","1","578.00","5017YKSHARARA-L","1","440.00"
"Yash Gallery Cotton Kurti With Sharara And Gharara - Stitched Suit","1147YKCMB5017-XL","22.0000x20.0000x1.5000","400","Kurta with Sharara","","","","0.00","0","","61041100","'GST5-12 to 5 &18%","","0","0.00","724.00","July 30, 2020 07:47:31 PM","1147YKBANDJ-XL","1","578.00","5017YKSHARARA-XL","1","440.00"
"Yash Gallery Cotton Kurti With Sharara And Gharara - Stitched Suit","1147YKCMB5017-XXL","22.0000x20.0000x1.5000","400","Kurta with Sharara","","","","0.00","0","","61041100","'GST5-12 to 5 &18%","","0","0.00","790.00","July 30, 2020 07:47:31 PM","1147YKBANDJ-XXL","1","578.00","5017YKSHARARA-XXL","1","440.00"
"Yash Gallery Cotton Kurti With Sharara And Gharara - Stitched Suit","1147YKCMB5017-3XL","22.0000x20.0000x1.5000","400","Kurta with Sharara","","","","0.00","0","","61041100","'GST5-12 to 5 &18%","","0","0.00","790.00","July 30, 2020 07:47:31 PM","1147YKBANDJ-3XL","1","578.00","5017YKSHARARA-3XL","1","440.00"
"Yash Gallery Cotton Kurti With Sharara And Gharara - Stitched Suit","1147YKCMB5017-4XL","22.0000x20.0000x1.5000","400","Kurta with Sharara","","","","0.00","0","","61041100","'GST5-12 to 5 &18%","","0","0.00","790.00","July 30, 2020 07:47:31 PM","1147YKBANDJ-4XL","1","578.00","5017YKSHARARA-4XL","1","440.00"
"Yash Gallery Cotton Kurti With Sharara And Gharara - Stitched Suit","1147YKCMB5017-5XL","22.0000x20.0000x1.5000","400","Kurta with Sharara","","","","0.00","0","","61041100","'GST5-12 to 5 &18%","","0","0.00","790.00","July 30, 2020 07:47:31 PM","1147YKBANDJ-5XL","1","578.00","5017YKSHARARA-5XL","1","440.00"
"TOP PAINT COMBO","1143YKCMB5012-4XL","22.0000x20.0000x1.5000","400","Kurti","","","","0.00","0","","61041100","'GST5-12 to 5 &18%","","0","0.00","680.00","September 29, 2020 06:36:00 PM","1143YKGREEN-4XL","1","588.00","5012YKPINK-4XL","1","297.00"
"TOP PAINT COMBO","1143YKCMB5012-5XL","22.0000x20.0000x1.5000","400","Kurti","","","","0.00","0","","61041100","'GST5-12 to 5 &18%","","0","0.00","680.00","September 29, 2020 06:36:00 PM","1143YKGREEN-5XL","1","588.00","5012YKPINK-5XL","1","297.00"
"TOP PAINT COMBO","1143YKCMB5012-3XL","22.0000x20.0000x1.5000","400","Kurti","","","","0.00","0","","61041100","'GST5-12 to 5 &18%","","0","0.00","680.00","September 29, 2020 06:37:28 PM","1143YKGREEN-3XL","1","1.00","5012YKPINK-3XL","1","1.00"
"TOP PAINT COMBO","1143YKCMB5012-S_Myntra","22.0000x20.0000x1.5000","400","KURTA SET","","","","0.00","0","","61041100","'GST5-12 to 5 &18%","","0","0.00","495.00","October 20, 2020 03:28:17 PM","1143YKGREEN-S_Myntra","1","588.00","5012YKPINK-S_Myntra","1","297.00"
"TOP PAINT COMBO","1143YKCMB5012-M_Myntra","22.0000x20.0000x1.5000","400","KURTA SET","","","","0.00","0","","61041100","'GST5-12 to 5 &18%","","0","0.00","495.00","October 20, 2020 03:28:17 PM","1143YKGREEN-M_Myntra","1","588.00","5012YKPINK-M_Myntra","1","297.00"
"TOP PAINT COMBO","1143YKCMB5012-L_Myntra","22.0000x20.0000x1.5000","400","KURTA SET","","","","0.00","0","","61041100","'GST5-12 to 5 &18%","","0","0.00","495.00","October 20, 2020 03:28:17 PM","1143YKGREEN-L_Myntra","1","588.00","5012YKPINK-L_Myntra","1","297.00"
"TOP PAINT COMBO","1143YKCMB5012-XL_Myntra","22.0000x20.0000x1.5000","400","KURTA SET","","","","0.00","0","","61041100","'GST5-12 to 5 &18%","","0","0.00","495.00","October 20, 2020 03:28:17 PM","1143YKGREEN-XL_Myntra","1","588.00","5012YKPINK-XL_Myntra","1","297.00"
"TOP PAINT COMBO","1143YKCMB5012-XXL_Myntra","22.0000x20.0000x1.5000","400","KURTA SET","","","","0.00","0","","61041100","'GST5-12 to 5 &18%","","0","0.00","495.00","October 20, 2020 03:28:17 PM","1143YKGREEN-XXL_Myntra","1","588.00","5012YKPINK-XXL_Myntra","1","1.00"
"TOP PAINT COMBO","1145YKCMB5012-S_Myntra","22.0000x20.0000x1.5000","400","KURTA SET","","","","0.00","0","","61041100","'GST5-12 to 5 &18%","","0","0.00","495.00","October 20, 2020 03:28:17 PM","1145YKBLACK-S_Myntra","1","578.00","5012YKPINK-S_Myntra","1","297.00"
"TOP PAINT COMBO","1145YKCMB5012-M_Myntra","22.0000x20.0000x1.5000","400","KURTA SET","","","","0.00","0","","61041100","'GST5-12 to 5 &18%","","0","0.00","495.00","October 20, 2020 03:28:17 PM","1145YKBLACK-M_Myntra","1","578.00","5012YKPINK-M_Myntra","1","297.00"
"TOP PAINT COMBO","1145YKCMB5012-L_Myntra","22.0000x20.0000x1.5000","400","KURTA SET","","","","0.00","0","","61041100","'GST5-12 to 5 &18%","","0","0.00","495.00","October 20, 2020 03:28:17 PM","1145YKBLACK-L_Myntra","1","578.00","5012YKPINK-L_Myntra","1","297.00"
"TOP PAINT COMBO","1145YKCMB5012-XL_Myntra","22.0000x20.0000x1.5000","400","KURTA SET","","","","0.00","0","","61041100","'GST5-12 to 5 &18%","","0","0.00","495.00","October 20, 2020 03:28:17 PM","1145YKBLACK-XL_Myntra","1","578.00","5012YKPINK-XL_Myntra","1","297.00"
"TOP PAINT COMBO","1145YKCMB5012-XXL_Myntra","22.0000x20.0000x1.5000","400","KURTA SET","","","","0.00","0","","61041100","'GST5-12 to 5 &18%","","0","0.00","495.00","October 20, 2020 03:28:17 PM","1145YKBLACK-XXL_Myntra","1","578.00","5012YKPINK-XXL_Myntra","1","1.00"
"TOP PAINT COMBO","1144YKCMB5012-S_Myntra","22.0000x20.0000x1.5000","400","Kurti","","","","0.00","0","","61041100","'GST5-12 to 5 &18%","","0","0.00","495.00","October 20, 2020 03:28:17 PM","1144YKWHITE-S_Myntra","1","577.00","5012YKPINK-S_Myntra","1","297.00"
"TOP PAINT COMBO","1144YKCMB5012-M_Myntra","22.0000x20.0000x1.5000","400","Kurti","","","","0.00","0","","61041100","'GST5-12 to 5 &18%","","0","0.00","495.00","October 20, 2020 03:28:17 PM","1144YKWHITE-M_Myntra","1","577.00","5012YKPINK-M_Myntra","1","297.00"
"TOP PAINT COMBO","1144YKCMB5012-L_Myntra","22.0000x20.0000x1.5000","400","Kurti","","","","0.00","0","","61041100","'GST5-12 to 5 &18%","","0","0.00","495.00","October 20, 2020 03:28:17 PM","1144YKWHITE-L_Myntra","1","577.00","5012YKPINK-L_Myntra","1","297.00"
"TOP PAINT COMBO","1144YKCMB5012-XL_Myntra","22.0000x20.0000x1.5000","400","Kurti","","","","0.00","0","","61041100","'GST5-12 to 5 &18%","","0","0.00","495.00","October 20, 2020 03:28:17 PM","1144YKWHITE-XL_Myntra","1","577.00","5012YKPINK-XL_Myntra","1","297.00"
"TOP PAINT COMBO","1144YKCMB5012-XXL_Myntra","22.0000x20.0000x1.5000","400","Kurti","","","","0.00","0","","61041100","'GST5-12 to 5 &18%","","0","0.00","495.00","October 20, 2020 03:28:18 PM","1144YKWHITE-XXL_Myntra","1","577.00","5012YKPINK-XXL_Myntra","1","1.00"
"Yash Gallery Cotton Kurti With Palazzo - Stitched Suit","1119YKCMB5010-S_Myntra","22.0000x20.0000x1.5000","350","KURTA SET","","","","0.00","0","","61041100","'GST5-12 to 5 &18%","","0","0.00","550.00","October 20, 2020 03:28:18 PM","1119YKBLUE-S_Myntra","1","347.00","5010YKWHITE-S_Myntra","1","1.00"
"Yash Gallery Cotton Kurti With Palazzo - Stitched Suit","1119YKCMB5010-M_Myntra","22.0000x20.0000x1.5000","350","KURTA SET","","","","0.00","0","","61041100","'GST5-12 to 5 &18%","","0","0.00","550.00","October 20, 2020 03:28:18 PM","1119YKBLUE-M_Myntra","1","347.00","5010YKWHITE-M_Myntra","1","1.00"
"Yash Gallery Cotton Kurti With Palazzo - Stitched Suit","1119YKCMB5010-L_Myntra","22.0000x20.0000x1.5000","350","KURTA SET","","","","0.00","0","","61041100","'GST5-12 to 5 &18%","","0","0.00","550.00","October 20, 2020 03:28:18 PM","1119YKBLUE-L_Myntra","1","347.00","5010YKWHITE-L_Myntra","1","1.00"
"Yash Gallery Cotton Kurti With Palazzo - Stitched Suit","1119YKCMB5010-XL_Myntra","22.0000x20.0000x1.5000","350","KURTA SET","","","","0.00","0","","61041100","'GST5-12 to 5 &18%","","0","0.00","550.00","October 20, 2020 03:28:18 PM","1119YKBLUE-XL_Myntra","1","347.00","5010YKWHITE-XL_Myntra","1","1.00"
"Yash Gallery Cotton Kurti With Palazzo - Stitched Suit","1119YKCMB5010-XXL_Myntra","22.0000x20.0000x1.5000","350","KURTA SET","","","","0.00","0","","61041100","'GST5-12 to 5 &18%","","0","0.00","550.00","October 20, 2020 03:28:18 PM","1119YKBLUE-XXL_Myntra","1","347.00","5010YKWHITE-XXL_Myntra","1","319.00"
"TOP PAINT COMBO","1141YKCMB5012-S_Myntra","22.0000x20.0000x1.5000","450","KURTA SET","","","","0.00","0","","61041100","'GST5-12 to 5 &18%","","0","0.00","638.00","October 20, 2020 03:28:18 PM","1141YKSKYBLUE-S_Myntra","1","450.00","5012YKPINK-S_Myntra","1","297.00"
"TOP PAINT COMBO","1141YKCMB5012-M_Myntra","22.0000x20.0000x1.5000","450","KURTA SET","","","","0.00","0","","61041100","'GST5-12 to 5 &18%","","0","0.00","638.00","October 20, 2020 03:28:18 PM","1141YKSKYBLUE-M_Myntra","1","450.00","5012YKPINK-M_Myntra","1","297.00"
"TOP PAINT COMBO","1141YKCMB5012-L_Myntra","22.0000x20.0000x1.5000","450","KURTA SET","","","","0.00","0","","61041100","'GST5-12 to 5 &18%","","0","0.00","638.00","October 20, 2020 03:28:18 PM","1141YKSKYBLUE-L_Myntra","1","450.00","5012YKPINK-L_Myntra","1","297.00"
"TOP PAINT COMBO","1141YKCMB5012-XL_Myntra","22.0000x20.0000x1.5000","450","KURTA SET","","","","0.00","0","","61041100","'GST5-12 to 5 &18%","","0","0.00","638.00","October 20, 2020 03:28:18 PM","1141YKSKYBLUE-XL_Myntra","1","450.00","5012YKPINK-XL_Myntra","1","297.00"
"YASH GALLERY Womens Kurti","1142YKCMB5010-S_Myntra","22.0000x20.0000x1.5000","200","Kurti","","","","0.00","0","","61041100","'GST5-12 to 5 &18%","","0","0.00","599.00","October 20, 2020 03:28:18 PM","1142YKPINK-S_Myntra","1","732.00","5010YKWHITE-S_Myntra","1","319.00"
"YASH GALLERY Womens Kurti","1142YKCMB5010-M_Myntra","22.0000x20.0000x1.5000","200","Kurti","","","","0.00","0","","61041100","'GST5-12 to 5 &18%","","0","0.00","599.00","October 20, 2020 03:28:18 PM","1142YKPINK-M_Myntra","1","732.00","5010YKWHITE-M_Myntra","1","319.00"
"YASH GALLERY Womens Kurti","1142YKCMB5010-L_Myntra","22.0000x20.0000x1.5000","200","Kurti","","","","0.00","0","","61041100","'GST5-12 to 5 &18%","","0","0.00","599.00","October 20, 2020 03:28:18 PM","1142YKPINK-L_Myntra","1","732.00","5010YKWHITE-L_Myntra","1","319.00"
"YASH GALLERY Womens Kurti","1142YKCMB5010-XL_Myntra","22.0000x20.0000x1.5000","200","Kurti","","","","0.00","0","","61041100","'GST5-12 to 5 &18%","","0","0.00","599.00","October 20, 2020 03:28:18 PM","1142YKPINK-XL_Myntra","1","732.00","5010YKWHITE-XL_Myntra","1","319.00"
"YASH GALLERY Womens Kurti","1142YKCMB5010-XXL_Myntra","22.0000x20.0000x1.5000","200","Kurti","","","","0.00","0","","61041100","'GST5-12 to 5 &18%","","0","0.00","599.00","October 20, 2020 03:28:18 PM","1142YKPINK-XXL_Myntra","1","732.00","5010YKWHITE-XXL_Myntra","1","319.00"
"TOP PAINT COMBO","1157YKCMB5006-S_Myntra","22.0000x20.0000x1.5000","450","KURTA SET","","","","0.00","0","","61041100","'GST5-12 to 5 &18%","","0","0.00","638.00","October 20, 2020 03:28:18 PM","1157YKMAROON-S_Myntra","1","754.00","5006YKBLUE-S_Myntra","1","319.00"
"TOP PAINT COMBO","1157YKCMB5006-M_Myntra","22.0000x20.0000x1.5000","450","KURTA SET","","","","0.00","0","","61041100","'GST5-12 to 5 &18%","","0","0.00","638.00","October 20, 2020 03:28:18 PM","1157YKMAROON-M_Myntra","1","754.00","5006YKBLUE-M_Myntra","1","319.00"
"TOP PAINT COMBO","1157YKCMB5006-L_Myntra","22.0000x20.0000x1.5000","450","KURTA SET","","","","0.00","0","","61041100","'GST5-12 to 5 &18%","","0","0.00","638.00","October 20, 2020 03:28:18 PM","1157YKMAROON-L_Myntra","1","754.00","5006YKBLUE-L_Myntra","1","319.00"
"TOP PAINT COMBO","1157YKCMB5006-XL_Myntra","22.0000x20.0000x1.5000","450","KURTA SET","","","","0.00","0","","61041100","'GST5-12 to 5 &18%","","0","0.00","638.00","October 20, 2020 03:28:18 PM","1157YKMAROON-XL_Myntra","1","754.00","5006YKBLUE-XL_Myntra","1","319.00"
"TOP PAINT COMBO","1157YKCMB5006-XXL_Myntra","22.0000x20.0000x1.5000","450","KURTA SET","","","","0.00","0","","61041100","'GST5-12 to 5 &18%","","0","0.00","638.00","October 20, 2020 03:28:18 PM","1157YKMAROON-XXL_Myntra","1","754.00","5006YKBLUE-XXL_Myntra","1","319.00"
"Kurta with Sharara","1147YKCMB5017-S_Myntra","22.0000x20.0000x1.5000","400","KURTA SET","","","","0.00","0","","61041100","'GST5-12 to 5 &18%","","0","0.00","605.00","October 20, 2020 03:28:18 PM","1147YKBANDJ-S_Myntra","1","578.00","5017YKSHARARA-S_Myntra","1","440.00"
"Kurta with Sharara","1147YKCMB5017-M_Myntra","22.0000x20.0000x1.5000","400","KURTA SET","","","","0.00","0","","61041100","'GST5-12 to 5 &18%","","0","0.00","605.00","October 20, 2020 03:28:18 PM","1147YKBANDJ-M_Myntra","1","578.00","5017YKSHARARA-M_Myntra","1","440.00"
"Kurta with Sharara","1147YKCMB5017-L_Myntra","22.0000x20.0000x1.5000","400","KURTA SET","","","","0.00","0","","61041100","'GST5-12 to 5 &18%","","0","0.00","605.00","October 20, 2020 03:28:18 PM","1147YKBANDJ-L_Myntra","1","578.00","5017YKSHARARA-L_Myntra","1","440.00"
"Kurta with Sharara","1147YKCMB5017-XL_Myntra","22.0000x20.0000x1.5000","400","KURTA SET","","","","0.00","0","","61041100","'GST5-12 to 5 &18%","","0","0.00","605.00","October 20, 2020 03:28:18 PM","1147YKBANDJ-XL_Myntra","1","578.00","5017YKSHARARA-XL_Myntra","1","440.00"
"Kurta with Sharara","1147YKCMB5017-XXL_Myntra","22.0000x20.0000x1.5000","400","KURTA SET","","","","0.00","0","","61041100","'GST5-12 to 5 &18%","","0","0.00","605.00","October 20, 2020 03:28:18 PM","1147YKBANDJ-XXL_Myntra","1","578.00","5017YKSHARARA-XXL_Myntra","1","440.00"
"Kurta with Sharara","1147YKCMB5017-5XL_Myntra","22.0000x20.0000x1.5000","400","KURTA SET","","","","0.00","0","","61041100","'GST5-12 to 5 &18%","","0","0.00","605.00","October 20, 2020 03:28:18 PM","1147YKBANDJ-5XL_Myntra","1","578.00","5017YKSHARARA-5XL_Myntra","1","440.00"
"TOP PAINT COMBO","1143YKCMB5012-4XL_Myntra","22.0000x20.0000x1.5000","400","KURTA SET","","","","0.00","0","","61041100","'GST5-12 to 5 &18%","","0","0.00","495.00","October 20, 2020 03:28:18 PM","1143YKGREEN-4XL_Myntra","1","588.00","5012YKPINK-4XL_Myntra","1","297.00"
"TOP PAINT COMBO","1143YKCMB5012-5XL_Myntra","22.0000x20.0000x1.5000","400","KURTA SET","","","","0.00","0","","61041100","'GST5-12 to 5 &18%","","0","0.00","495.00","October 20, 2020 03:28:18 PM","1143YKGREEN-5XL_Myntra","1","588.00","5012YKPINK-5XL_Myntra","1","297.00"
"TOP PAINT COMBO","1143YKCMB5012-3XL_Myntra","22.0000x20.0000x1.5000","400","KURTA SET","","","","0.00","0","","61041100","'GST5-12 to 5 &18%","","0","0.00","495.00","October 20, 2020 03:28:18 PM","1143YKGREEN-3XL_Myntra","1","1.00","5012YKPINK-3XL_Myntra","1","1.00"
"Yash Gallery Women's Rayon Slub Straight Pintucks Kurta & Sharara Set(Yellow & Red)","1170YKCMB5018-S","22.0000x20.0000x1.5000","450","Kurti","","","","0.00","0","","61041100","'GST5-12 to 5 &18%","","0","0.00","812.00","October 27, 2020 05:26:12 PM","1170YKYELLOW-S","1","450.00","5018YKRED-S","1","440.00"
"Yash Gallery Women's Rayon Slub Straight Pintucks Kurta & Sharara Set(Yellow & Red)","1170YKCMB5018-M","22.0000x20.0000x1.5000","450","Kurti","","","","0.00","0","","61041100","'GST5-12 to 5 &18%","","0","0.00","812.00","October 27, 2020 05:26:12 PM","1170YKYELLOW-M","1","450.00","5018YKRED-M","1","440.00"
"Yash Gallery Women's Rayon Slub Straight Pintucks Kurta & Sharara Set(Yellow & Red)","1170YKCMB5018-L","22.0000x20.0000x1.5000","450","Kurti","","","","0.00","0","","61041100","'GST5-12 to 5 &18%","","1","0.00","812.00","October 27, 2020 05:26:12 PM","1170YKYELLOW-L","1","450.00","5018YKRED-L","1","440.00"
"Yash Gallery Women's Rayon Slub Straight Pintucks Kurta & Sharara Set(Yellow & Red)","1170YKCMB5018-XL","22.0000x20.0000x1.5000","450","Kurti","","","","0.00","0","","61041100","'GST5-12 to 5 &18%","","0","0.00","812.00","October 27, 2020 05:26:12 PM","1170YKYELLOW-XL","1","450.00","5018YKRED-XL","1","440.00"
"Yash Gallery Women's Rayon Slub Straight Pintucks Kurta & Sharara Set(Yellow & Red)","1170YKCMB5018-XXL","22.0000x20.0000x1.5000","450","Kurti","","","","0.00","0","","61041100","'GST5-12 to 5 &18%","","0","0.00","878.00","October 27, 2020 05:26:12 PM","1170YKYELLOW-XXL","1","450.00","5018YKRED-XXL","1","440.00"
"Yash Gallery Women's Rayon Slub Straight Pintucks Kurta & Sharara Set(Yellow & Red)","1170YKCMB5018-3XL","22.0000x20.0000x1.5000","450","Kurti","","","","0.00","0","","61041100","'GST5-12 to 5 &18%","","0","0.00","878.00","October 27, 2020 05:26:12 PM","1170YKYELLOW-3XL","1","450.00","5018YKRED-3XL","1","440.00"
"Yash Gallery Women's Rayon Slub Straight Pintucks Kurta & Sharara Set(Yellow & Red)","1170YKCMB5018-4XL","22.0000x20.0000x1.5000","450","Kurti","","","","0.00","0","","61041100","'GST5-12 to 5 &18%","","0","0.00","878.00","October 27, 2020 05:26:12 PM","1170YKYELLOW-4XL","1","450.00","5018YKRED-4XL","1","440.00"
"Yash Gallery Women's Rayon Slub Straight Pintucks Kurta & Sharara Set(Yellow & Red)","1170YKCMB5018-5XL","22.0000x20.0000x1.5000","450","Kurti","","","","0.00","0","","61041100","'GST5-12 to 5 &18%","","0","0.00","878.00","October 27, 2020 05:26:13 PM","1170YKYELLOW-5XL","1","450.00","5018YKRED-5XL","1","440.00"
"Yash Gallery Viscose Rayon Olive Embroidered Kurta Sharara for Women","1172YKCMB5018-S","22.0000x20.0000x1.5000","450","Kurti","","","","0.00","0","","61041100","'GST5-12 to 5 &18%","","0","0.00","790.00","October 27, 2020 05:26:13 PM","1172YKOLIVE-S","1","450.00","5018YKRED-S","1","440.00"
"Yash Gallery Viscose Rayon Olive Embroidered Kurta Sharara for Women","1172YKCMB5018-M","22.0000x20.0000x1.5000","450","Kurti","","","","0.00","0","","61041100","'GST5-12 to 5 &18%","","0","0.00","790.00","October 27, 2020 05:26:13 PM","1172YKOLIVE-M","1","450.00","5018YKRED-M","1","440.00"
"Yash Gallery Viscose Rayon Olive Embroidered Kurta Sharara for Women","1172YKCMB5018-3XL","22.0000x20.0000x1.5000","450","Kurti","","","","0.00","0","","61041100","'GST5-12 to 5 &18%","","0","0.00","856.00","October 27, 2020 05:26:13 PM","1172YKOLIVE-3XL","1","450.00","5018YKRED-3XL","1","440.00"
"Yash Gallery Viscose Rayon Olive Embroidered Kurta Sharara for Women","1172YKCMB5018-4XL","22.0000x20.0000x1.5000","450","Kurti","","","","0.00","0","","61041100","'GST5-12 to 5 &18%","","0","0.00","856.00","October 27, 2020 05:26:13 PM","1172YKOLIVE-4XL","1","450.00","5018YKRED-4XL","1","440.00"
"Yash Gallery Viscose Rayon Olive Embroidered Kurta Sharara for Women","1172YKCMB5018-5XL","22.0000x20.0000x1.5000","450","Kurti","","","","0.00","0","","61041100","'GST5-12 to 5 &18%","","0","0.00","856.00","October 27, 2020 05:26:13 PM","1172YKOLIVE-5XL","1","450.00","5018YKRED-5XL","1","440.00"
"Yash Gallery Womens Rayon Slub Straight Pintucks Kurta & Sharara Set(Yellow & Red)","1170YKCMB5018-M_Myntra","22.0000x20.0000x1.5000","450","Kurta & Sharara Set","","","","0.00","0","","61041100","'GST5-12 to 5 &18%","","0","0.00","748.00","October 27, 2020 05:38:56 PM","1170YKYELLOW-M_Myntra","1","450.00","5018YKRED-M_Myntra","1","440.00"
"Yash Gallery Womens Rayon Slub Straight Pintucks Kurta & Sharara Set(Yellow & Red)","1170YKCMB5018-L_Myntra","22.0000x20.0000x1.5000","450","Kurta & Sharara Set","","","","0.00","0","","61041100","'GST5-12 to 5 &18%","","0","0.00","748.00","October 27, 2020 05:38:57 PM","1170YKYELLOW-L_Myntra","1","450.00","5018YKRED-L_Myntra","1","440.00"
"Yash Gallery Womens Rayon Slub Straight Pintucks Kurta & Sharara Set(Yellow & Red)","1170YKCMB5018-XL_Myntra","22.0000x20.0000x1.5000","450","Kurta & Sharara Set","","","","0.00","0","","61041100","'GST5-12 to 5 &18%","","0","0.00","748.00","October 27, 2020 05:38:57 PM","1170YKYELLOW-XL_Myntra","1","450.00","5018YKRED-XL_Myntra","1","440.00"
"Yash Gallery Womens Rayon Slub Straight Pintucks Kurta & Sharara Set(Yellow & Red)","1170YKCMB5018-XXL_Myntra","22.0000x20.0000x1.5000","450","Kurta & Sharara Set","","","","0.00","0","","61041100","'GST5-12 to 5 &18%","","0","0.00","748.00","October 27, 2020 05:38:57 PM","1170YKYELLOW-XXL_Myntra","1","450.00","5018YKRED-XXL_Myntra","1","440.00"
"Yash Gallery Womens Rayon Slub Straight Pintucks Kurta & Sharara Set(Yellow & Red)","1170YKCMB5018-3XL_Myntra","22.0000x20.0000x1.5000","450","Kurta & Sharara Set","","","","0.00","0","","61041100","'GST5-12 to 5 &18%","","0","0.00","748.00","October 27, 2020 05:38:57 PM","1170YKYELLOW-3XL_Myntra","1","450.00","5018YKRED-3XL_Myntra","1","440.00"
"Yash Gallery Womens Rayon Slub Straight Pintucks Kurta & Sharara Set(Yellow & Red)","1170YKCMB5018-4XL_Myntra","22.0000x20.0000x1.5000","450","Kurta & Sharara Set","","","","0.00","0","","61041100","'GST5-12 to 5 &18%","","0","0.00","748.00","October 27, 2020 05:38:57 PM","1170YKYELLOW-4XL_Myntra","1","450.00","5018YKRED-4XL_Myntra","1","440.00"
"Yash Gallery Womens Rayon Slub Straight Pintucks Kurta & Sharara Set(Yellow & Red)","1170YKCMB5018-5XL_Myntra","22.0000x20.0000x1.5000","450","Kurta & Sharara Set","","","","0.00","0","","61041100","'GST5-12 to 5 &18%","","0","0.00","748.00","October 27, 2020 05:38:57 PM","1170YKYELLOW-5XL_Myntra","1","450.00","5018YKRED-5XL_Myntra","1","440.00"
"Yash Gallery Womens Rayon Slub Straight Pintucks Kurta & Sharara Set(Yellow & Red)","1170YKCMB5018-S_Myntra","22.0000x20.0000x1.5000","450","Kurta & Sharara Set","","","","0.00","0","","61041100","'GST5-12 to 5 &18%","","0","0.00","748.00","October 27, 2020 05:54:15 PM","1170YKYELLOW-S_Myntra","1","450.00","5018YKRED-S_Myntra","1","440.00"
"Yash Gallery Viscose Rayon Olive Embroidered Kurta Sharara for Women","1172YKCMB5018-M_Myntra","22.0000x20.0000x1.5000","450","Kurta & Sharara Set","","","","0.00","0","","61041100","'GST5-12 to 5 &18%","","0","0.00","748.00","October 27, 2020 05:54:15 PM","1172YKOLIVE-M_Myntra","1","450.00","5018YKRED-M_Myntra","1","440.00"
"Yash Gallery Viscose Rayon Olive Embroidered Kurta Sharara for Women","1172YKCMB5018-L_Myntra","22.0000x20.0000x1.5000","450","Kurta & Sharara Set","","","","0.00","0","","61041100","'GST5-12 to 5 &18%","","0","0.00","748.00","October 27, 2020 05:54:15 PM","1172YKOLIVE-L_Myntra","1","450.00","5018YKRED-L_Myntra","1","440.00"
"Yash Gallery Viscose Rayon Olive Embroidered Kurta Sharara for Women","1172YKCMB5018-XL_Myntra","22.0000x20.0000x1.5000","450","Kurta & Sharara Set","","","","0.00","0","","61041100","'GST5-12 to 5 &18%","","0","0.00","748.00","October 27, 2020 05:54:15 PM","1172YKOLIVE-XL_Myntra","1","450.00","5018YKRED-XL_Myntra","1","440.00"
"Yash Gallery Viscose Rayon Olive Embroidered Kurta Sharara for Women","1172YKCMB5018-3XL_Myntra","22.0000x20.0000x1.5000","450","Kurta & Sharara Set","","","","0.00","0","","61041100","'GST5-12 to 5 &18%","","0","0.00","748.00","October 27, 2020 05:54:15 PM","1172YKOLIVE-3XL_Myntra","1","450.00","5018YKRED-3XL_Myntra","1","440.00"
"Yash Gallery Viscose Rayon Olive Embroidered Kurta Sharara for Women","1172YKCMB5018-4XL_Myntra","22.0000x20.0000x1.5000","450","Kurta & Sharara Set","","","","0.00","0","","61041100","'GST5-12 to 5 &18%","","0","0.00","748.00","October 27, 2020 05:54:15 PM","1172YKOLIVE-4XL_Myntra","1","450.00","5018YKRED-4XL_Myntra","1","440.00"
"Yash Gallery Viscose Rayon Olive Embroidered Kurta Sharara for Women","1172YKCMB5018-5XL_Myntra","22.0000x20.0000x1.5000","450","Kurta & Sharara Set","","","","0.00","0","","61041100","'GST5-12 to 5 &18%","","0","0.00","748.00","October 27, 2020 05:54:15 PM","1172YKOLIVE-5XL_Myntra","1","450.00","5018YKRED-5XL_Myntra","1","440.00"
"Yash Gallery Viscose Rayon Olive Embroidered Kurta Sharara for Women","1172YKCMB5018-S_Myntra","22.0000x20.0000x1.5000","450","Kurta & Sharara Set","","","","0.00","0","","61041100","'GST5-12 to 5 &18%","","0","0.00","748.00","October 27, 2020 06:04:50 PM","1172YKOLIVE-S_Myntra","1","450.00","5018YKRED-S_Myntra","1","440.00"
"Yash Gallery Viscose Rayon Olive Embroidered Kurta Sharara for Women","1172YKCMB5018-XXL_Myntra","22.0000x20.0000x1.5000","450","Kurta & Sharara Set","","","","0.00","0","","61041100","'GST5-12 to 5 &18%","","0","0.00","748.00","October 27, 2020 06:04:50 PM","1172YKOLIVE-XXL_Myntra","1","450.00","5018YKRED-XXL_Myntra","1","440.00"
"KURTA & CHUNNI","1338DPT9BLACK-S","22.0000x20.0000x1.5000","300","kurta & chunni","","","","0.00","0","","61041100","'GST5-12 to 5 &18%","","3","0.00","2086.00","May 24, 2024 02:47:46 PM","1338YKBLACK-S","1","1.00","DPT9BLACK","1","1.00","1338YKBLACK-S","1","1.00","DPT9BLACK","1","1.00"
"KURTA & chunni","1338DPT9BLACK-M","22.0000x20.0000x1.5000","300","kurta & chunni","","","","0.00","0","","61041100","'GST5-12 to 5 &18%","","48","0.00","1043.00","May 24, 2024 03:13:53 PM","1338YKBLACK-M","1","1.00","DPT9BLACK","1","1.00"
"KURTA & chunni","1338DPT9BLACK-L","22.0000x20.0000x1.5000","300","kurta & chunni","","","","0.00","0","","61041100","'GST5-12 to 5 &18%","","21","0.00","1043.00","May 24, 2024 03:13:53 PM","1338YKBLACK-L","1","1.00","DPT9BLACK","1","1.00"
"KURTA & chunni","1338DPT9BLACK-XL","22.0000x20.0000x1.5000","300","kurta & chunni","","","","0.00","0","","61041100","'GST5-12 to 5 &18%","","19","0.00","1043.00","May 24, 2024 03:13:53 PM","1338YKBLACK-XL","1","1.00","DPT9BLACK","1","1.00"
"KURTA & chunni","1338DPT9BLACK-XXL","22.0000x20.0000x1.5000","300","kurta & chunni","","","","0.00","0","","61041100","'GST5-12 to 5 &18%","","68","0.00","1076.00","May 24, 2024 03:13:53 PM","1338YKBLACK-XXL","1","1.00","DPT9BLACK","1","1.00"
"KURTA & chunni","1338DPT9BLACK-3XL","22.0000x20.0000x1.5000","300","kurta & chunni","","","","0.00","0","","61041100","'GST5-12 to 5 &18%","","87","0.00","1076.00","May 24, 2024 03:13:53 PM","1338YKBLACK-3XL","1","1.00","DPT9BLACK","1","1.00"
"KURTA & chunni","1338DPT9BLACK-4XL","22.0000x20.0000x1.5000","300","kurta & chunni","","","","0.00","0","","61041100","'GST5-12 to 5 &18%","","64","0.00","1076.00","May 24, 2024 03:13:53 PM","1338YKBLACK-4XL","1","1.00","DPT9BLACK","1","1.00"
"KURTA & chunni","1338DPT9BLACK-5XL","22.0000x20.0000x1.5000","300","kurta & chunni","","","","0.00","0","","61041100","'GST5-12 to 5 &18%","","126","0.00","1076.00","May 24, 2024 03:13:53 PM","1338YKBLACK-5XL","1","1.00","DPT9BLACK","1","1.00"
"KURTA & chunni","1529DPT11WINE-S","22.0000x20.0000x1.5000","300","kurta & chunni","","","","0.00","0","","61041100","'GST5-12 to 5 &18%","","30","0.00","930.00","May 24, 2024 03:13:53 PM","1529YKWINE-S","1","1.00","DPT11WINE","1","1.00"
"KURTA & chunni","1529DPT11WINE-M","22.0000x20.0000x1.5000","300","kurta & chunni","","","","0.00","0","","61041100","'GST5-12 to 5 &18%","","65","0.00","930.00","May 24, 2024 03:13:53 PM","1529YKWINE-M","1","1.00","DPT11WINE","1","1.00"
"KURTA & chunni","1529DPT11WINE-L","22.0000x20.0000x1.5000","300","kurta & chunni","","","","0.00","0","","61041100","'GST5-12 to 5 &18%","","85","0.00","930.00","May 24, 2024 03:13:54 PM","1529YKWINE-L","1","1.00","DPT11WINE","1","1.00"
"KURTA & chunni","1529DPT11WINE-XL","22.0000x20.0000x1.5000","300","kurta & chunni","","","","0.00","0","","61041100","'GST5-12 to 5 &18%","","87","0.00","930.00","May 24, 2024 03:13:54 PM","1529YKWINE-XL","1","1.00","DPT11WINE","1","1.00"
"KURTA & chunni","1529DPT11WINE-XXL","22.0000x20.0000x1.5000","300","kurta & chunni","","","","0.00","0","","61041100","'GST5-12 to 5 &18%","","170","0.00","930.00","May 24, 2024 03:13:54 PM","1529YKWINE-XXL","1","1.00","DPT11WINE","1","1.00"
"KURTA & chunni","1529DPT11WINE-3XL","22.0000x20.0000x1.5000","300","kurta & chunni","","","","0.00","0","","61041100","'GST5-12 to 5 &18%","","114","0.00","930.00","May 24, 2024 03:13:54 PM","1529YKWINE-3XL","1","1.00","DPT11WINE","1","1.00"
"KURTA & chunni","1529DPT11WINE-4XL","22.0000x20.0000x1.5000","300","kurta & chunni","","","","0.00","0","","61041100","'GST5-12 to 5 &18%","","59","0.00","930.00","May 24, 2024 03:13:54 PM","1529YKWINE-4XL","1","1.00","DPT11WINE","1","1.00"
"KURTA & chunni","1529DPT11WINE-5XL","22.0000x20.0000x1.5000","300","kurta & chunni","","","","0.00","0","","61041100","'GST5-12 to 5 &18%","","180","0.00","930.00","May 24, 2024 03:13:54 PM","1529YKWINE-5XL","1","1.00","DPT11WINE","1","1.00"
"Ysh gallery kurta & chunni","1037DPT19WHITE-S","22.0000x20.0000x1.5000","300","kurta & chunni","","","","0.00","0","","61041100","'GST5-12 to 5 &18%","","59","0.00","705.00","August 02, 2024 03:32:46 PM","1037YKBLUE-S","1","1.00","DPT19WHITE","1","1.00"
"Ysh gallery kurta & chunni","1037DPT19WHITE-XS","22.0000x20.0000x1.5000","300","kurta & chunni","","","","0.00","0","","61041100","'GST5-12 to 5 &18%","","31","0.00","705.00","August 02, 2024 07:18:19 PM","1037YKBLUE-XS","1","1.00","DPT19WHITE","1","1.00"
"Ysh gallery kurta & chunni","1037DPT19WHITE-M","22.0000x20.0000x1.5000","300","kurta & chunni","","","","0.00","0","","61041100","'GST5-12 to 5 &18%","","1","0.00","705.00","August 02, 2024 07:18:19 PM","1037YKBLUE-M","1","1.00","DPT19WHITE","1","1.00"
"Ysh gallery kurta & chunni","1037DPT19WHITE-L","22.0000x20.0000x1.5000","300","kurta & chunni","","","","0.00","0","","61041100","'GST5-12 to 5 &18%","","0","0.00","705.00","August 02, 2024 07:18:19 PM","1037YKBLUE-L","1","1.00","DPT19WHITE","1","1.00"
"Ysh gallery kurta & chunni","1037DPT19WHITE-XL","22.0000x20.0000x1.5000","300","kurta & chunni","","","","0.00","0","","61041100","'GST5-12 to 5 &18%","","0","0.00","705.00","August 02, 2024 07:18:19 PM","1037YKBLUE-XL","1","1.00","DPT19WHITE","1","1.00"
"Ysh gallery kurta & chunni","1037DPT19WHITE-XXL","22.0000x20.0000x1.5000","300","kurta & chunni","","","","0.00","0","","61041100","'GST5-12 to 5 &18%","","14","0.00","738.00","August 02, 2024 07:18:19 PM","1037YKBLUE-XXL","1","1.00","DPT19WHITE","1","1.00"
"Ysh gallery kurta & chunni","1037DPT19WHITE-3XL","22.0000x20.0000x1.5000","300","kurta & chunni","","","","0.00","0","","61041100","'GST5-12 to 5 &18%","","59","0.00","738.00","August 02, 2024 07:18:19 PM","1037YKBLUE-3XL","1","1.00","DPT19WHITE","1","1.00"
"Ysh gallery kurta & chunni","1037DPT19WHITE-4XL","22.0000x20.0000x1.5000","300","kurta & chunni","","","","0.00","0","","61041100","'GST5-12 to 5 &18%","","23","0.00","738.00","August 02, 2024 07:18:19 PM","1037YKBLUE-4XL","1","1.00","DPT19WHITE","1","1.00"
"Ysh gallery kurta & chunni","1037DPT19WHITE-5XL","22.0000x20.0000x1.5000","300","kurta & chunni","","","","0.00","0","","61041100","'GST5-12 to 5 &18%","","59","0.00","738.00","August 02, 2024 07:18:19 PM","1037YKBLUE-5XL","1","1.00","DPT19WHITE","1","1.00"
"Ysh gallery kurta & chunni","1234DPT20WHITE-XS","22.0000x20.0000x1.5000","300","kurta & chunni","","","","0.00","0","","61041100","'GST5-12 to 5 &18%","","18","0.00","727.00","August 02, 2024 07:18:20 PM","1234YKOWHITE-XS","1","1.00","DPT20WHITE","1","1.00"
"Ysh gallery kurta & chunni","1234DPT20WHITE-S","22.0000x20.0000x1.5000","300","kurta & chunni","","","","0.00","0","","61041100","'GST5-12 to 5 &18%","","4","0.00","727.00","August 02, 2024 07:18:20 PM","1234YKOWHITE-S","1","1.00","DPT20WHITE","1","1.00"
"Ysh gallery kurta & chunni","1234DPT20WHITE-M","22.0000x20.0000x1.5000","300","kurta & chunni","","","","0.00","0","","61041100","'GST5-12 to 5 &18%","","40","0.00","727.00","August 02, 2024 07:18:20 PM","1234YKOWHITE-M","1","1.00","DPT20WHITE","1","1.00"
"Ysh gallery kurta & chunni","1234DPT20WHITE-L","22.0000x20.0000x1.5000","300","kurta & chunni","","","","0.00","0","","61041100","'GST5-12 to 5 &18%","","30","0.00","727.00","August 02, 2024 07:18:20 PM","1234YKOWHITE-L","1","1.00","DPT20WHITE","1","1.00"
"Ysh gallery kurta & chunni","1234DPT20WHITE-XL","22.0000x20.0000x1.5000","300","kurta & chunni","","","","0.00","0","","61041100","'GST5-12 to 5 &18%","","42","0.00","727.00","August 02, 2024 07:18:20 PM","1234YKOWHITE-XL","1","1.00","DPT20WHITE","1","1.00"
"Ysh gallery kurta & chunni","1234DPT20WHITE-XXL","22.0000x20.0000x1.5000","300","kurta & chunni","","","","0.00","0","","61041100","'GST5-12 to 5 &18%","","10","0.00","760.00","August 02, 2024 07:18:20 PM","1234YKOWHITE-XXL","1","1.00","DPT20WHITE","1","1.00"
"Ysh gallery kurta & chunni","1234DPT20WHITE-3XL","22.0000x20.0000x1.5000","300","kurta & chunni","","","","0.00","0","","61041100","'GST5-12 to 5 &18%","","19","0.00","760.00","August 02, 2024 07:18:20 PM","1234YKOWHITE-3XL","1","1.00","DPT20WHITE","1","1.00"
"Ysh gallery kurta & chunni","1234DPT20WHITE-4XL","22.0000x20.0000x1.5000","300","kurta & chunni","","","","0.00","0","","61041100","'GST5-12 to 5 &18%","","0","0.00","760.00","August 02, 2024 07:18:20 PM","1234YKOWHITE-4XL","1","1.00","DPT20WHITE","1","1.00"
"Ysh gallery kurta & chunni","1234DPT20WHITE-5XL","22.0000x20.0000x1.5000","300","kurta & chunni","","","","0.00","0","","61041100","'GST5-12 to 5 &18%","","10","0.00","760.00","August 02, 2024 07:18:20 PM","1234YKOWHITE-5XL","1","1.00","DPT20WHITE","1","1.00"
"Ysh gallery kurta & chunni","1003DPT21MULTI-XS","22.0000x20.0000x1.5000","300","kurta & chunni","","","","0.00","0","","61041100","'GST5-12 to 5 &18%","","6","0.00","639.00","August 02, 2024 07:18:20 PM","1003YKMUSTARD-XS","1","1.00","DPT21MULTI","1","1.00"
"Ysh gallery kurta & chunni","1003DPT21MULTI-S","22.0000x20.0000x1.5000","300","kurta & chunni","","","","0.00","0","","61041100","'GST5-12 to 5 &18%","","1","0.00","639.00","August 02, 2024 07:18:20 PM","1003YKMUSTARD-S","1","1.00","DPT21MULTI","1","1.00"
"Ysh gallery kurta & chunni","1003DPT21MULTI-M","22.0000x20.0000x1.5000","300","kurta & chunni","","","","0.00","0","","61041100","'GST5-12 to 5 &18%","","0","0.00","639.00","August 02, 2024 07:18:20 PM","1003YKMUSTARD-M","1","1.00","DPT21MULTI","1","1.00"
"Ysh gallery kurta & chunni","1003DPT21MULTI-L","22.0000x20.0000x1.5000","300","kurta & chunni","","","","0.00","0","","61041100","'GST5-12 to 5 &18%","","0","0.00","639.00","August 02, 2024 07:18:20 PM","1003YKMUSTARD-L","1","1.00","DPT21MULTI","1","1.00"
"Ysh gallery kurta & chunni","1003DPT21MULTI-XL","22.0000x20.0000x1.5000","300","kurta & chunni","","","","0.00","0","","61041100","'GST5-12 to 5 &18%","","2","0.00","639.00","August 02, 2024 07:18:20 PM","1003YKMUSTARD-XL","1","1.00","DPT21MULTI","1","1.00"
"Ysh gallery kurta & chunni","1003DPT21MULTI-XXL","22.0000x20.0000x1.5000","300","kurta & chunni","","","","0.00","0","","61041100","'GST5-12 to 5 &18%","","0","0.00","672.00","August 02, 2024 07:18:20 PM","1003YKMUSTARD-XXL","1","1.00","DPT21MULTI","1","1.00"
"Ysh gallery kurta & chunni","1003DPT21MULTI-3XL","22.0000x20.0000x1.5000","300","kurta & chunni","","","","0.00","0","","61041100","'GST5-12 to 5 &18%","","40","0.00","672.00","August 02, 2024 07:18:20 PM","1003YKMUSTARD-3XL","1","1.00","DPT21MULTI","1","1.00"
"Ysh gallery kurta & chunni","1003DPT21MULTI-4XL","22.0000x20.0000x1.5000","300","kurta & chunni","","","","0.00","0","","61041100","'GST5-12 to 5 &18%","","63","0.00","672.00","August 02, 2024 07:18:20 PM","1003YKMUSTARD-4XL","1","1.00","DPT21MULTI","1","1.00"
"Ysh gallery kurta & chunni","1003DPT21MULTI-5XL","22.0000x20.0000x1.5000","300","kurta & chunni","","","","0.00","0","","61041100","'GST5-12 to 5 &18%","","11","0.00","672.00","August 02, 2024 07:18:20 PM","1003YKMUSTARD-5XL","1","1.00","DPT21MULTI","1","1.00"
"Ysh gallery kurta & chunni","1003DPT21MULTI-6XL","22.0000x20.0000x1.5000","300","kurta & chunni","","","","0.00","0","","61041100","'GST5-12 to 5 &18%","","2","0.00","782.00","August 02, 2024 07:18:20 PM","1003YKMUSTARD-6XL","1","1.00","DPT21MULTI","1","1.00"
"Ysh gallery kurta & chunni","1003DPT21MULTI-7XL","22.0000x20.0000x1.5000","300","kurta & chunni","","","","0.00","0","","61041100","'GST5-12 to 5 &18%","","2","0.00","782.00","August 02, 2024 07:18:20 PM","1003YKMUSTARD-7XL","1","1.00","DPT21MULTI","1","1.00"
"Ysh gallery kurta & chunni","1003DPT21MULTI-8XL","22.0000x20.0000x1.5000","300","kurta & chunni","","","","0.00","0","","61041100","'GST5-12 to 5 &18%","","5","0.00","782.00","August 02, 2024 07:18:20 PM","1003YKMUSTARD-8XL","1","1.00","DPT21MULTI","1","1.00"
"Ysh gallery kurta & chunni","1251DPT21MULTI-XS","22.0000x20.0000x1.5000","300","kurta & chunni","","","","0.00","0","","61041100","'GST5-12 to 5 &18%","","65","0.00","650.00","August 02, 2024 07:18:20 PM","1251YKMAROON-XS","1","1.00","DPT21MULTI","1","1.00"
"Ysh gallery kurta & chunni","1251DPT21MULTI-S","22.0000x20.0000x1.5000","300","kurta & chunni","","","","0.00","0","","61041100","'GST5-12 to 5 &18%","","71","0.00","650.00","August 02, 2024 07:18:21 PM","1251YKMAROON-S","1","1.00","DPT21MULTI","1","1.00"
"Ysh gallery kurta & chunni","1251DPT21MULTI-M","22.0000x20.0000x1.5000","300","kurta & chunni","","","","0.00","0","","61041100","'GST5-12 to 5 &18%","","0","0.00","650.00","August 02, 2024 07:18:21 PM","1251YKMAROON-M","1","1.00","DPT21MULTI","1","1.00"
"Ysh gallery kurta & chunni","1251DPT21MULTI-L","22.0000x20.0000x1.5000","300","kurta & chunni","","","","0.00","0","","61041100","'GST5-12 to 5 &18%","","4","0.00","650.00","August 02, 2024 07:18:21 PM","1251YKMAROON-L","1","1.00","DPT21MULTI","1","1.00"
"Ysh gallery kurta & chunni","1251DPT21MULTI-XL","22.0000x20.0000x1.5000","300","kurta & chunni","","","","0.00","0","","61041100","'GST5-12 to 5 &18%","","0","0.00","650.00","August 02, 2024 07:18:21 PM","1251YKMAROON-XL","1","1.00","DPT21MULTI","1","1.00"
"Ysh gallery kurta & chunni","1251DPT21MULTI-XXL","22.0000x20.0000x1.5000","300","kurta & chunni","","","","0.00","0","","61041100","'GST5-12 to 5 &18%","","1","0.00","683.00","August 02, 2024 07:18:21 PM","1251YKMAROON-XXL","1","1.00","DPT21MULTI","1","1.00"
"Ysh gallery kurta & chunni","1251DPT21MULTI-3XL","22.0000x20.0000x1.5000","300","kurta & chunni","","","","0.00","0","","61041100","'GST5-12 to 5 &18%","","0","0.00","683.00","August 02, 2024 07:18:21 PM","1251YKMAROON-3XL","1","1.00","DPT21MULTI","1","1.00"
"Ysh gallery kurta & chunni","1251DPT21MULTI-4XL","22.0000x20.0000x1.5000","300","kurta & chunni","","","","0.00","0","","61041100","'GST5-12 to 5 &18%","","0","0.00","683.00","August 02, 2024 07:18:21 PM","1251YKMAROON-4XL","1","1.00","DPT21MULTI","1","1.00"
"Ysh gallery kurta & chunni","1251DPT21MULTI-5XL","22.0000x20.0000x1.5000","300","kurta & chunni","","","","0.00","0","","61041100","'GST5-12 to 5 &18%","","0","0.00","683.00","August 02, 2024 07:18:21 PM","1251YKMAROON-5XL","1","1.00","DPT21MULTI","1","1.00"
"Ysh gallery kurta & chunni","1112DPT21MULTI-S","22.0000x20.0000x1.5000","300","kurta & chunni","","","","0.00","0","","61041100","'GST5-12 to 5 &18%","","37","0.00","661.00","August 02, 2024 07:18:21 PM","1112YKBLACK-S","1","1.00","DPT21MULTI","1","1.00"
"Ysh gallery kurta & chunni","1112DPT21MULTI-M","22.0000x20.0000x1.5000","300","kurta & chunni","","","","0.00","0","","61041100","'GST5-12 to 5 &18%","","69","0.00","661.00","August 02, 2024 07:18:21 PM","1112YKBLACK-M","1","1.00","DPT21MULTI","1","1.00"
"Ysh gallery kurta & chunni","1112DPT21MULTI-L","22.0000x20.0000x1.5000","300","kurta & chunni","","","","0.00","0","","61041100","'GST5-12 to 5 &18%","","91","0.00","661.00","August 02, 2024 07:18:21 PM","1112YKBLACK-L","1","1.00","DPT21MULTI","1","1.00"
"Ysh gallery kurta & chunni","1112DPT21MULTI-XL","22.0000x20.0000x1.5000","300","kurta & chunni","","","","0.00","0","","61041100","'GST5-12 to 5 &18%","","71","0.00","661.00","August 02, 2024 07:18:21 PM","1112YKBLACK-XL","1","1.00","DPT21MULTI","1","1.00"
"Ysh gallery kurta & chunni","1112DPT21MULTI-XXL","22.0000x20.0000x1.5000","300","kurta & chunni","","","","0.00","0","","61041100","'GST5-12 to 5 &18%","","68","0.00","694.00","August 02, 2024 07:18:21 PM","1112YKBLACK-XXL","1","1.00","DPT21MULTI","1","1.00"
"Ysh gallery kurta & chunni","1112DPT21MULTI-3XL","22.0000x20.0000x1.5000","300","kurta & chunni","","","","0.00","0","","61041100","'GST5-12 to 5 &18%","","47","0.00","694.00","August 02, 2024 07:18:21 PM","1112YKBLACK-3XL","1","1.00","DPT21MULTI","1","1.00"
"Ysh gallery kurta & chunni","1112DPT21MULTI-4XL","22.0000x20.0000x1.5000","300","kurta & chunni","","","","0.00","0","","61041100","'GST5-12 to 5 &18%","","70","0.00","694.00","August 02, 2024 07:18:21 PM","1112YKBLACK-4XL","1","1.00","DPT21MULTI","1","1.00"
"Ysh gallery kurta & chunni","1112DPT21MULTI-5XL","22.0000x20.0000x1.5000","300","kurta & chunni","","","","0.00","0","","61041100","'GST5-12 to 5 &18%","","88","0.00","694.00","August 02, 2024 07:18:21 PM","1112YKBLACK-5XL","1","1.00","DPT21MULTI","1","1.00"
"Ysh gallery kurta & chunni","1112DPT21MULTI-6XL","22.0000x20.0000x1.5000","300","kurta & chunni","","","","0.00","0","","61041100","'GST5-12 to 5 &18%","","79","0.00","600.00","August 02, 2024 07:18:21 PM","1112YKBLACK-6XL","1","1.00","DPT21MULTI","1","1.00"
"Ysh gallery kurta & chunni","1112DPT21MULTI-7XL","22.0000x20.0000x1.5000","300","kurta & chunni","","","","0.00","0","","61041100","'GST5-12 to 5 &18%","","57","0.00","600.00","August 02, 2024 07:18:21 PM","1112YKBLACK-7XL","1","1.00","DPT21MULTI","1","1.00"
"Ysh gallery kurta & chunni","1112DPT21MULTI-8XL","22.0000x20.0000x1.5000","300","kurta & chunni","","","","0.00","0","","61041100","'GST5-12 to 5 &18%","","42","0.00","600.00","August 02, 2024 07:18:21 PM","1112YKBLACK-8XL","1","1.00","DPT21MULTI","1","1.00"
"Ysh gallery kurta & chunni","1355DPT27TEAL-S","22.0000x20.0000x1.5000","300","kurta & chunni","","","","0.00","0","","61041100","'GST5-12 to 5 &18%","","3","0.00","661.00","August 02, 2024 07:18:21 PM","1355YKTEAL-S","1","1.00","DPT27TEAL","1","1.00"
"Ysh gallery kurta & chunni","1355DPT27TEAL-M","22.0000x20.0000x1.5000","300","kurta & chunni","","","","0.00","0","","61041100","'GST5-12 to 5 &18%","","3","0.00","661.00","August 02, 2024 07:18:21 PM","1355YKTEAL-M","1","1.00","DPT27TEAL","1","1.00"
"Ysh gallery kurta & chunni","1355DPT27TEAL-L","22.0000x20.0000x1.5000","300","kurta & chunni","","","","0.00","0","","61041100","'GST5-12 to 5 &18%","","0","0.00","661.00","August 02, 2024 07:18:21 PM","1355YKTEAL-L","1","1.00","DPT27TEAL","1","1.00"
"Ysh gallery kurta & chunni","1355DPT27TEAL-XL","22.0000x20.0000x1.5000","300","kurta & chunni","","","","0.00","0","","61041100","'GST5-12 to 5 &18%","","0","0.00","661.00","August 02, 2024 07:18:21 PM","1355YKTEAL-XL","1","1.00","DPT27TEAL","1","1.00"
"Ysh gallery kurta & chunni","1355DPT27TEAL-XXL","22.0000x20.0000x1.5000","300","kurta & chunni","","","","0.00","0","","61041100","'GST5-12 to 5 &18%","","0","0.00","694.00","August 02, 2024 07:18:22 PM","1355YKTEAL-XXL","1","1.00","DPT27TEAL","1","1.00"
"Ysh gallery kurta & chunni","1355DPT27TEAL-3XL","22.0000x20.0000x1.5000","300","kurta & chunni","","","","0.00","0","","61041100","'GST5-12 to 5 &18%","","0","0.00","694.00","August 02, 2024 07:18:22 PM","1355YKTEAL-3XL","1","1.00","DPT27TEAL","1","1.00"
"Ysh gallery kurta & chunni","1355DPT27TEAL-4XL","22.0000x20.0000x1.5000","300","kurta & chunni","","","","0.00","0","","61041100","'GST5-12 to 5 &18%","","0","0.00","694.00","August 02, 2024 07:18:22 PM","1355YKTEAL-4XL","1","1.00","DPT27TEAL","1","1.00"
"Ysh gallery kurta & chunni","1355DPT27TEAL-5XL","22.0000x20.0000x1.5000","300","kurta & chunni","","","","0.00","0","","61041100","'GST5-12 to 5 &18%","","0","0.00","694.00","August 02, 2024 07:18:22 PM","1355YKTEAL-5XL","1","1.00","DPT27TEAL","1","1.00"
"Yash Gallery kurta set","1003SKDMUSTARD-S","22.0000x20.0000x1.5000","250","KURTA SET","","","","0.00","0","","61041100","'GST5-12 to 5 &18%","","1","0.00","957.00","December 02, 2024 06:14:04 PM","1003YKMUSTARD-S","1","1.00","5027YKMULTI-S","1","1.00","DPT21MULTI","1","1.00"
"Yash Gallery kurta set","1003SKDMUSTARD-M","22.0000x20.0000x1.5000","250","KURTA SET","","","","0.00","0","","61041100","'GST5-12 to 5 &18%","","0","0.00","957.00","December 02, 2024 06:14:04 PM","1003YKMUSTARD-M","1","1.00","5027YKMULTI-M","1","1.00","DPT21MULTI","1","1.00"
"Yash Gallery kurta set","1003SKDMUSTARD-L","22.0000x20.0000x1.5000","250","KURTA SET","","","","0.00","0","","61041100","'GST5-12 to 5 &18%","","0","0.00","957.00","December 02, 2024 06:14:04 PM","1003YKMUSTARD-L","1","1.00","5027YKMULTI-L","1","1.00","DPT21MULTI","1","1.00"
"Yash Gallery kurta set","1003SKDMUSTARD-XL","22.0000x20.0000x1.5000","250","KURTA SET","","","","0.00","0","","61041100","'GST5-12 to 5 &18%","","2","0.00","957.00","December 02, 2024 06:14:04 PM","1003YKMUSTARD-XL","1","1.00","5027YKMULTI-XL","1","1.00","DPT21MULTI","1","1.00"
"Yash Gallery kurta set","1003SKDMUSTARD-XXL","22.0000x20.0000x1.5000","250","KURTA SET","","","","0.00","0","","61041100","'GST5-12 to 5 &18%","","0","0.00","1023.00","December 02, 2024 06:14:04 PM","1003YKMUSTARD-XXL","1","1.00","5027YKMULTI-XXL","1","1.00","DPT21MULTI","1","1.00"
"Yash gallery kurta with dupatta","1308DPT6MULTI-S","22.0000x20.0000x1.5000","250","kurta with dupatta","","","","0.00","0","","61041100","'GST5-12 to 5 &18%","","5","0.00","684.00","December 07, 2024 10:27:25 AM","1308YKBLUE-S","1","1.00","DPT6MULTI","1","1.00"
"Yash gallery kurta with dupatta","1308DPT6MULTI-M","22.0000x20.0000x1.5000","250","kurta with dupatta","","","","0.00","0","","61041100","'GST5-12 to 5 &18%","","5","0.00","684.00","December 07, 2024 10:27:25 AM","1308YKBLUE-M","1","1.00","DPT6MULTI","1","1.00"
"Yash gallery kurta with dupatta","1308DPT6MULTI-L","22.0000x20.0000x1.5000","250","kurta with dupatta","","","","0.00","0","","61041100","'GST5-12 to 5 &18%","","5","0.00","684.00","December 07, 2024 10:27:26 AM","1308YKBLUE-L","1","1.00","DPT6MULTI","1","1.00"
"Yash gallery kurta with dupatta","1308DPT6MULTI-XL","22.0000x20.0000x1.5000","250","kurta with dupatta","","","","0.00","0","","61041100","'GST5-12 to 5 &18%","","0","0.00","684.00","December 07, 2024 10:27:26 AM","1308YKBLUE-XL","1","1.00","DPT6MULTI","1","1.00"
"Yash gallery kurta with dupatta","1308DPT6MULTI-XXL","22.0000x20.0000x1.5000","250","kurta with dupatta","","","","0.00","0","","61041100","'GST5-12 to 5 &18%","","5","0.00","717.00","December 07, 2024 10:27:26 AM","1308YKBLUE-XXL","1","1.00","DPT6MULTI","1","1.00"
"Yash galleryh kurta with chunni","1529DPT11WINE-6XL","22.0000x20.0000x1.5000","250","Kurta with chunni","","","","0.00","0","","61041100","'GST5-12 to 5 &18%","","96","0.00","850.00","December 10, 2024 01:01:03 PM","1529YKWINE-6XL","1","1.00","DPT11WINE","1","1.00"
"Yash galleryh kurta with chunni","1529DPT11WINE-7XL","22.0000x20.0000x1.5000","250","Kurta with chunni","","","","0.00","0","","61041100","'GST5-12 to 5 &18%","","55","0.00","850.00","December 10, 2024 01:01:03 PM","1529YKWINE-7XL","1","1.00","DPT11WINE","1","1.00"
"Yash galleryh kurta with chunni","1529DPT11WINE-8XL","22.0000x20.0000x1.5000","250","Kurta with chunni","","","","0.00","0","","61041100","'GST5-12 to 5 &18%","","84","0.00","850.00","December 10, 2024 01:01:03 PM","1529YKWINE-8XL","1","1.00","DPT11WINE","1","1.00"
"Yash galleryh kurta with chunni","1037DPT19WHITE-6XL","22.0000x20.0000x1.5000","250","Kurta with chunni","","","","0.00","0","","61041100","'GST5-12 to 5 &18%","","4","0.00","600.00","December 10, 2024 01:01:03 PM","1037YKBLUE-6XL","1","1.00","DPT19WHITE","1","1.00"
"Yash galleryh kurta with chunni","1037DPT19WHITE-7XL","22.0000x20.0000x1.5000","250","Kurta with chunni","","","","0.00","0","","61041100","'GST5-12 to 5 &18%","","2","0.00","600.00","December 10, 2024 01:01:03 PM","1037YKBLUE-7XL","1","1.00","DPT19WHITE","1","1.00"
"Yash galleryh kurta with chunni","1037DPT19WHITE-8XL","22.0000x20.0000x1.5000","250","Kurta with chunni","","","","0.00","0","","61041100","'GST5-12 to 5 &18%","","0","0.00","600.00","December 10, 2024 01:01:03 PM","1037YKBLUE-8XL","1","1.00","DPT19WHITE","1","1.00"
"Yash galleryh kurta with chunni","1234DPT20WHITE-6XL","22.0000x20.0000x1.5000","250","Kurta with chunni","","","","0.00","0","","61041100","'GST5-12 to 5 &18%","","9","0.00","450.00","December 10, 2024 01:01:03 PM","1234YKOWHITE-6XL","1","1.00","DPT20WHITE","1","1.00"
"Yash galleryh kurta with chunni","1234DPT20WHITE-7XL","22.0000x20.0000x1.5000","250","Kurta with chunni","","","","0.00","0","","61041100","'GST5-12 to 5 &18%","","22","0.00","450.00","December 10, 2024 01:01:03 PM","1234YKOWHITE-7XL","1","1.00","DPT20WHITE","1","1.00"
"Yash galleryh kurta with chunni","1234DPT20WHITE-8XL","22.0000x20.0000x1.5000","250","Kurta with chunni","","","","0.00","0","","61041100","'GST5-12 to 5 &18%","","0","0.00","450.00","December 10, 2024 01:01:03 PM","1234YKOWHITE-8XL","1","1.00","DPT20WHITE","1","1.00"
"Yash galleryh kurta with chunni","1251DPT21MULTI-6XL","22.0000x20.0000x1.5000","250","Kurta with chunni","","","","0.00","0","","61041100","'GST5-12 to 5 &18%","","0","0.00","600.00","December 10, 2024 01:02:19 PM","1251YKMAROON-6XL","1","1.00","DPT21MULTI","1","1.00"
"Yash galleryh kurta with chunni","1251DPT21MULTI-7XL","22.0000x20.0000x1.5000","250","Kurta with chunni","","","","0.00","0","","61041100","'GST5-12 to 5 &18%","","0","0.00","600.00","December 10, 2024 01:02:19 PM","1251YKMAROON-7XL","1","1.00","DPT21MULTI","1","1.00"
"Yash galleryh kurta with chunni","1251DPT21MULTI-8XL","22.0000x20.0000x1.5000","250","Kurta with chunni","","","","0.00","0","","61041100","'GST5-12 to 5 &18%","","1","0.00","600.00","December 10, 2024 01:02:19 PM","1251YKMAROON-8XL","1","1.00","DPT21MULTI","1","1.00"
"Yash gallery kurta with duppta","1252DPT28GREEN-XS","10.0000x8.0000x1.0000","250","Kurta with duppta","","","","0.00","0","","61041100","'GST5-12 to 5 &18%","","11","0.00","788.00","December 30, 2024 06:16:46 PM","1252YKGREEN-XS","1","1.00","DPT28GREEN","1","1.00"
"Yash gallery kurta with duppta","1252DPT28GREEN-S","10.0000x8.0000x1.0000","250","Kurta with duppta","","","","0.00","0","","61041100","'GST5-12 to 5 &18%","","12","0.00","788.00","December 30, 2024 06:16:46 PM","1252YKGREEN-S","1","1.00","DPT28GREEN","1","1.00"
"Yash gallery kurta with duppta","1252DPT28GREEN-6XL","10.0000x8.0000x1.0000","250","Kurta with duppta","","","","0.00","0","","61041100","'GST5-12 to 5 &18%","","0","0.00","850.00","December 30, 2024 06:16:46 PM","1252YKGREEN-6XL","1","1.00","DPT28GREEN","1","1.00"
"Yash gallery kurta with duppta","1252DPT28GREEN-7XL","10.0000x8.0000x1.0000","250","Kurta with duppta","","","","0.00","0","","61041100","'GST5-12 to 5 &18%","","30","0.00","850.00","December 30, 2024 06:16:46 PM","1252YKGREEN-7XL","1","1.00","DPT28GREEN","1","1.00"
"Yash gallery kurta with duppta","1252DPT28GREEN-8XL","10.0000x8.0000x1.0000","250","Kurta with duppta","","","","0.00","0","","61041100","'GST5-12 to 5 &18%","","29","0.00","850.00","December 30, 2024 06:16:46 PM","1252YKGREEN-8XL","1","1.00","DPT28GREEN","1","1.00"
"Yash gallery kurta with duppta","1258DPT35WHITE-XS","10.0000x8.0000x1.0000","250","Kurta with duppta","","","","0.00","0","","61041100","'GST5-12 to 5 &18%","","3","0.00","905.00","December 30, 2024 06:16:46 PM","1258YKWHITE-XS","1","1.00","DPT35WHITE","1","1.00"
"Yash gallery kurta with duppta","1258DPT35WHITE-S","10.0000x8.0000x1.0000","250","Kurta with duppta","","","","0.00","0","","61041100","'GST5-12 to 5 &18%","","22","0.00","905.00","December 30, 2024 06:16:46 PM","1258YKWHITE-S","1","1.00","DPT35WHITE","1","1.00"
"Yash gallery kurta with duppta","1258DPT35WHITE-M","10.0000x8.0000x1.0000","250","Kurta with duppta","","","","0.00","0","","61041100","'GST5-12 to 5 &18%","","27","0.00","905.00","December 30, 2024 06:16:46 PM","1258YKWHITE-M","1","1.00","DPT35WHITE","1","1.00"
"Yash gallery kurta with duppta","1258DPT35WHITE-L","10.0000x8.0000x1.0000","250","Kurta with duppta","","","","0.00","0","","61041100","'GST5-12 to 5 &18%","","0","0.00","905.00","December 30, 2024 06:16:46 PM","1258YKWHITE-L","1","1.00","DPT35WHITE","1","1.00"
"Yash gallery kurta with duppta","1258DPT35WHITE-XL","10.0000x8.0000x1.0000","250","Kurta with duppta","","","","0.00","0","","61041100","'GST5-12 to 5 &18%","","1","0.00","905.00","December 30, 2024 06:16:46 PM","1258YKWHITE-XL","1","1.00","DPT35WHITE","1","1.00"
"Yash gallery kurta with duppta","1258DPT35WHITE-XXL","10.0000x8.0000x1.0000","250","Kurta with duppta","","","","0.00","0","","61041100","'GST5-12 to 5 &18%","","11","0.00","938.00","December 30, 2024 06:16:46 PM","1258YKWHITE-XXL","1","1.00","DPT35WHITE","1","1.00"
"Yash gallery kurta with duppta","1258DPT35WHITE-3XL","10.0000x8.0000x1.0000","250","Kurta with duppta","","","","0.00","0","","61041100","'GST5-12 to 5 &18%","","13","0.00","938.00","December 30, 2024 06:16:46 PM","1258YKWHITE-3XL","1","1.00","DPT35WHITE","1","1.00"
"Yash gallery kurta with duppta","1258DPT35WHITE-4XL","10.0000x8.0000x1.0000","250","Kurta with duppta","","","","0.00","0","","61041100","'GST5-12 to 5 &18%","","13","0.00","938.00","December 30, 2024 06:16:46 PM","1258YKWHITE-4XL","1","1.00","DPT35WHITE","1","1.00"
"Yash gallery kurta with duppta","1258DPT35WHITE-5XL","10.0000x8.0000x1.0000","250","Kurta with duppta","","","","0.00","0","","61041100","'GST5-12 to 5 &18%","","19","0.00","938.00","December 30, 2024 06:16:46 PM","1258YKWHITE-5XL","1","1.00","DPT35WHITE","1","1.00"
"Yash gallery kurta with duppta","1258DPT35WHITE-6XL","10.0000x8.0000x1.0000","250","Kurta with duppta","","","","0.00","0","","61041100","'GST5-12 to 5 &18%","","6","0.00","905.00","December 30, 2024 06:16:46 PM","1258YKWHITE-6XL","1","1.00","DPT35WHITE","1","1.00"
"Yash gallery kurta with duppta","1258DPT35WHITE-7XL","10.0000x8.0000x1.0000","250","Kurta with duppta","","","","0.00","0","","61041100","'GST5-12 to 5 &18%","","2","0.00","905.00","December 30, 2024 06:16:46 PM","1258YKWHITE-7XL","1","1.00","DPT35WHITE","1","1.00"
"Yash gallery kurta with duppta","1258DPT35WHITE-8XL","10.0000x8.0000x1.0000","250","Kurta with duppta","","","","0.00","0","","61041100","'GST5-12 to 5 &18%","","2","0.00","905.00","December 30, 2024 06:16:47 PM","1258YKWHITE-8XL","1","1.00","DPT35WHITE","1","1.00"
"Yash gallery kurta with duppta","1592DPT34BLUE-XS","10.0000x8.0000x1.0000","250","Kurta with duppta","","","","0.00","0","","61041100","'GST5-12 to 5 &18%","","0","0.00","880.00","December 30, 2024 06:16:47 PM","1592YKBLUE-XS","1","1.00","DPT34BLUE","1","1.00"
"Yash gallery kurta with duppta","1592DPT34BLUE-S","10.0000x8.0000x1.0000","250","Kurta with duppta","","","","0.00","0","","61041100","'GST5-12 to 5 &18%","","0","0.00","880.00","December 30, 2024 06:16:47 PM","1592YKBLUE-S","1","1.00","DPT34BLUE","1","1.00"
"Yash gallery kurta with duppta","1592DPT34BLUE-M","10.0000x8.0000x1.0000","250","Kurta with duppta","","","","0.00","0","","61041100","'GST5-12 to 5 &18%","","0","0.00","880.00","December 30, 2024 06:16:47 PM","1592YKBLUE-M","1","1.00","DPT34BLUE","1","1.00"
"Yash gallery kurta with duppta","1592DPT34BLUE-L","10.0000x8.0000x1.0000","250","Kurta with duppta","","","","0.00","0","","61041100","'GST5-12 to 5 &18%","","0","0.00","880.00","December 30, 2024 06:16:47 PM","1592YKBLUE-L","1","1.00","DPT34BLUE","1","1.00"
"Yash gallery kurta with duppta","1592DPT34BLUE-XL","10.0000x8.0000x1.0000","250","Kurta with duppta","","","","0.00","0","","61041100","'GST5-12 to 5 &18%","","0","0.00","880.00","December 30, 2024 06:16:47 PM","1592YKBLUE-XL","1","1.00","DPT34BLUE","1","1.00"
"Yash gallery kurta with duppta","1592DPT34BLUE-XXL","10.0000x8.0000x1.0000","250","Kurta with duppta","","","","0.00","0","","61041100","'GST5-12 to 5 &18%","","0","0.00","880.00","December 30, 2024 06:16:47 PM","1592YKBLUE-XXL","1","1.00","DPT34BLUE","1","1.00"
"Yash gallery kurta with duppta","1592DPT34BLUE-3XL","10.0000x8.0000x1.0000","250","Kurta with duppta","","","","0.00","0","","61041100","'GST5-12 to 5 &18%","","0","0.00","880.00","December 30, 2024 06:16:47 PM","1592YKBLUE-3XL","1","1.00","DPT34BLUE","1","1.00"
"Yash gallery kurta with duppta","1592DPT34BLUE-4XL","10.0000x8.0000x1.0000","250","Kurta with duppta","","","","0.00","0","","61041100","'GST5-12 to 5 &18%","","0","0.00","880.00","December 30, 2024 06:16:47 PM","1592YKBLUE-4XL","1","1.00","DPT34BLUE","1","1.00"
"Yash gallery kurta with duppta","1592DPT34BLUE-5XL","10.0000x8.0000x1.0000","250","Kurta with duppta","","","","0.00","0","","61041100","'GST5-12 to 5 &18%","","0","0.00","880.00","December 30, 2024 06:16:47 PM","1592YKBLUE-5XL","1","1.00","DPT34BLUE","1","1.00"
"Yash gallery kurta with duppta","1592DPT34BLUE-6XL","10.0000x8.0000x1.0000","250","Kurta with duppta","","","","0.00","0","","61041100","'GST5-12 to 5 &18%","","0","0.00","900.00","December 30, 2024 06:16:47 PM","1592YKBLUE-6XL","1","1.00","DPT34BLUE","1","1.00"
"Yash gallery kurta with duppta","1592DPT34BLUE-7XL","10.0000x8.0000x1.0000","250","Kurta with duppta","","","","0.00","0","","61041100","'GST5-12 to 5 &18%","","0","0.00","900.00","December 30, 2024 06:16:47 PM","1592YKBLUE-7XL","1","1.00","DPT34BLUE","1","1.00"
"Yash gallery kurta with duppta","1592DPT34BLUE-8XL","10.0000x8.0000x1.0000","250","Kurta with duppta","","","","0.00","0","","61041100","'GST5-12 to 5 &18%","","0","0.00","900.00","December 30, 2024 06:16:47 PM","1592YKBLUE-8XL","1","1.00","DPT34BLUE","1","1.00"
"Yash gallery kurta with duppta","314DPT37RED-XS","22.0000x20.0000x1.5000","250","Kurta with duppta","","","","0.00","0","","61041100","'GST5-12 to 5 &18%","","37","0.00","993.00","January 28, 2025 10:17:21 AM","314YK411RED-XS","1","1.00","DPT37RED","1","1.00"
"Yash gallery kurta with duppta","314DPT37RED-S","22.0000x20.0000x1.5000","250","Kurta with duppta","","","","0.00","0","","61041100","'GST5-12 to 5 &18%","","78","0.00","993.00","January 28, 2025 10:17:21 AM","314YK411RED-S","1","1.00","DPT37RED","1","1.00"
"Yash gallery kurta with duppta","314DPT37RED-M","22.0000x20.0000x1.5000","250","Kurta with duppta","","","","0.00","0","","61041100","'GST5-12 to 5 &18%","","231","0.00","993.00","January 28, 2025 10:17:21 AM","314YK411RED-M","1","1.00","DPT37RED","1","1.00"
"Yash gallery kurta with duppta","314DPT37RED-L","22.0000x20.0000x1.5000","250","Kurta with duppta","","","","0.00","0","","61041100","'GST5-12 to 5 &18%","","113","0.00","993.00","January 28, 2025 10:17:21 AM","314YK411RED-L","1","1.00","DPT37RED","1","1.00"
"Yash gallery kurta with duppta","314DPT37RED-XL","22.0000x20.0000x1.5000","250","Kurta with duppta","","","","0.00","0","","61041100","'GST5-12 to 5 &18%","","227","0.00","993.00","January 28, 2025 10:17:21 AM","314YK411RED-XL","1","1.00","DPT37RED","1","1.00"
"Yash gallery kurta with duppta","314DPT37RED-XXL","22.0000x20.0000x1.5000","250","Kurta with duppta","","","","0.00","0","","61041100","'GST5-12 to 5 &18%","","139","0.00","1026.00","January 28, 2025 10:17:21 AM","314YK411RED-XXL","1","1.00","DPT37RED","1","1.00"
"Yash gallery kurta with duppta","314DPT37RED-3XL","22.0000x20.0000x1.5000","250","Kurta with duppta","","","","0.00","0","","61041100","'GST5-12 to 5 &18%","","117","0.00","1026.00","January 28, 2025 10:17:21 AM","314YK411RED-3XL","1","1.00","DPT37RED","1","1.00"
"Yash gallery kurta with duppta","314DPT37RED-4XL","22.0000x20.0000x1.5000","250","Kurta with duppta","","","","0.00","0","","61041100","'GST5-12 to 5 &18%","","57","0.00","1026.00","January 28, 2025 10:17:21 AM","314YK411RED-4XL","1","1.00","DPT37RED","1","1.00"
"Yash gallery kurta with duppta","314DPT37RED-5XL","22.0000x20.0000x1.5000","250","Kurta with duppta","","","","0.00","0","","61041100","'GST5-12 to 5 &18%","","126","0.00","1026.00","January 28, 2025 10:17:21 AM","314YK411RED-5XL","1","1.00","DPT37RED","1","1.00"
"Yash gallery kurta with duppta","314DPT37RED-6XL","22.0000x20.0000x1.5000","250","Kurta with duppta","","","","0.00","0","","61041100","'GST5-12 to 5 &18%","","8","0.00","1136.00","January 28, 2025 10:17:21 AM","314YK411RED-6XL","1","1.00","DPT37RED","1","1.00"
"Yash gallery kurta with duppta","314DPT37RED-7XL","22.0000x20.0000x1.5000","250","Kurta with duppta","","","","0.00","0","","61041100","'GST5-12 to 5 &18%","","31","0.00","1136.00","January 28, 2025 10:17:21 AM","314YK411RED-7XL","1","1.00","DPT37RED","1","1.00"
"Yash gallery kurta with duppta","314DPT37RED-8XL","22.0000x20.0000x1.5000","250","Kurta with duppta","","","","0.00","0","","61041100","'GST5-12 to 5 &18%","","51","0.00","1136.00","January 28, 2025 10:17:21 AM","314YK411RED-8XL","1","1.00","DPT37RED","1","1.00"
"YASH GALLERY KURTA WITH DUPPTA","313DPT38BLUE-XS","22.0000x20.0000x1.5000","250","Kurta with duppta","","","","0.00","0","","61041100","'GST5-12 to 5 &18%","","7","0.00","993.00","January 28, 2025 10:24:05 AM","313YK411BLUE-XS","1","1.00","DPT38BLUE","1","1.00"
"YASH GALLERY KURTA WITH DUPPTA","313DPT38BLUE-S","22.0000x20.0000x1.5000","250","Kurta with duppta","","","","0.00","0","","61041100","'GST5-12 to 5 &18%","","51","0.00","993.00","January 28, 2025 10:24:05 AM","313YK411BLUE-S","1","1.00","DPT38BLUE","1","1.00"
"YASH GALLERY KURTA WITH DUPPTA","313DPT38BLUE-M","22.0000x20.0000x1.5000","250","Kurta with duppta","","","","0.00","0","","61041100","'GST5-12 to 5 &18%","","40","0.00","993.00","January 28, 2025 10:24:05 AM","313YK411BLUE-M","1","1.00","DPT38BLUE","1","1.00"
"YASH GALLERY KURTA WITH DUPPTA","313DPT38BLUE-L","22.0000x20.0000x1.5000","250","Kurta with duppta","","","","0.00","0","","61041100","'GST5-12 to 5 &18%","","50","0.00","993.00","January 28, 2025 10:24:05 AM","313YK411BLUE-L","1","1.00","DPT38BLUE","1","1.00"
"YASH GALLERY KURTA WITH DUPPTA","313DPT38BLUE-XL","22.0000x20.0000x1.5000","250","Kurta with duppta","","","","0.00","0","","61041100","'GST5-12 to 5 &18%","","0","0.00","993.00","January 28, 2025 10:24:05 AM","313YK411BLUE-XL","1","1.00","DPT38BLUE","1","1.00"
"YASH GALLERY KURTA WITH DUPPTA","313DPT38BLUE-XXL","22.0000x20.0000x1.5000","250","Kurta with duppta","","","","0.00","0","","61041100","'GST5-12 to 5 &18%","","0","0.00","1026.00","January 28, 2025 10:24:05 AM","313YK411BLUE-XXL","1","1.00","DPT38BLUE","1","1.00"
"YASH GALLERY KURTA WITH DUPPTA","313DPT38BLUE-3XL","22.0000x20.0000x1.5000","250","Kurta with duppta","","","","0.00","0","","61041100","'GST5-12 to 5 &18%","","0","0.00","1026.00","January 28, 2025 10:24:05 AM","313YK411BLUE-3XL","1","1.00","DPT38BLUE","1","1.00"
"YASH GALLERY KURTA WITH DUPPTA","313DPT38BLUE-4XL","22.0000x20.0000x1.5000","250","Kurta with duppta","","","","0.00","0","","61041100","'GST5-12 to 5 &18%","","1","0.00","1026.00","January 28, 2025 10:24:05 AM","313YK411BLUE-4XL","1","1.00","DPT38BLUE","1","1.00"
"YASH GALLERY KURTA WITH DUPPTA","313DPT38BLUE-5XL","22.0000x20.0000x1.5000","250","Kurta with duppta","","","","0.00","0","","61041100","'GST5-12 to 5 &18%","","0","0.00","1026.00","January 28, 2025 10:24:05 AM","313YK411BLUE-5XL","1","1.00","DPT38BLUE","1","1.00"
"YASH GALLERY KURTA WITH DUPPTA","313DPT38BLUE-6XL","22.0000x20.0000x1.5000","250","Kurta with duppta","","","","0.00","0","","61041100","'GST5-12 to 5 &18%","","0","0.00","993.00","January 28, 2025 10:24:05 AM","313YK411BLUE-6XL","1","1.00","DPT38BLUE","1","1.00"
"YASH GALLERY KURTA WITH DUPPTA","313DPT38BLUE-7XL","22.0000x20.0000x1.5000","250","Kurta with duppta","","","","0.00","0","","61041100","'GST5-12 to 5 &18%","","17","0.00","993.00","January 28, 2025 10:24:05 AM","313YK411BLUE-7XL","1","1.00","DPT38BLUE","1","1.00"
"YASH GALLERY KURTA WITH DUPPTA","313DPT38BLUE-8XL","22.0000x20.0000x1.5000","250","Kurta with duppta","","","","0.00","0","","61041100","'GST5-12 to 5 &18%","","2","0.00","993.00","January 28, 2025 10:24:05 AM","313YK411BLUE-8XL","1","1.00","DPT38BLUE","1","1.00"
"Yash gallery kurta with duppta","1252DPT28GREEN-M","10.0000x8.0000x1.0000","250","Kurta with duppta","","","","0.00","0","","61041100","'GST5-12 to 5 &18%","","5","0.00","788.00","February 03, 2025 01:52:47 PM","1252YKGREEN-M","1","1.00","DPT28GREEN","1","1.00"
"Yash gallery kurta with duppta","1252DPT28GREEN-L","10.0000x8.0000x1.0000","250","Kurta with duppta","","","","0.00","0","","61041100","'GST5-12 to 5 &18%","","23","0.00","788.00","February 03, 2025 01:53:09 PM","1252YKGREEN-L","1","1.00","DPT28GREEN","1","1.00"
"Yash gallery kurta with duppta","1252DPT28GREEN-XL","10.0000x8.0000x1.0000","250","Kurta with duppta","","","","0.00","0","","61041100","'GST5-12 to 5 &18%","","12","0.00","788.00","February 03, 2025 01:53:25 PM","1252YKGREEN-XL","1","1.00","DPT28GREEN","1","1.00"
"Yash gallery kurta with duppta","1252DPT28GREEN-XXL","10.0000x8.0000x1.0000","250","Kurta with duppta","","","","0.00","0","","61041100","'GST5-12 to 5 &18%","","24","0.00","821.00","February 03, 2025 01:53:46 PM","1252YKGREEN-XXL","1","1.00","DPT28GREEN","1","1.00"
"Yash gallery kurta with duppta","1252DPT28GREEN-3XL","10.0000x8.0000x1.0000","250","Kurta with duppta","","","","0.00","0","","61041100","'GST5-12 to 5 &18%","","58","0.00","821.00","February 03, 2025 01:53:51 PM","1252YKGREEN-3XL","1","1.00","DPT28GREEN","1","1.00"
"Yash gallery kurta with duppta","1252DPT28GREEN-4XL","10.0000x8.0000x1.0000","250","Kurta with duppta","","","","0.00","0","","61041100","'GST5-12 to 5 &18%","","22","0.00","821.00","February 03, 2025 01:53:57 PM","1252YKGREEN-4XL","1","1.00","DPT28GREEN","1","1.00"
"Yash gallery kurta with duppta","1252DPT28GREEN-5XL","10.0000x8.0000x1.0000","250","Kurta with duppta","","","","0.00","0","","61041100","'GST5-12 to 5 &18%","","13","0.00","821.00","February 03, 2025 01:54:02 PM","1252YKGREEN-5XL","1","1.00","DPT28GREEN","1","1.00"
"Yash gallery kurta set","1003YK5027DPT21-S","22.0000x20.0000x1.5000","250","KURTA SET","","","","0.00","0","","61041100","'GST5-12 to 5 &18%","","1","0.00","957.00","February 12, 2025 03:37:18 PM","1003YKMUSTARD-S","1","1.00","5027YKMULTI-S","1","1.00","DPT21MULTI","1","1.00"
"Yash gallery kurta set","1003YK5027DPT21-M","22.0000x20.0000x1.5000","250","KURTA SET","","","","0.00","0","","61041100","'GST5-12 to 5 &18%","","0","0.00","957.00","February 12, 2025 03:37:18 PM","1003YKMUSTARD-M","1","1.00","5027YKMULTI-M","1","1.00","DPT21MULTI","1","1.00"
"Yash gallery kurta set","1003YK5027DPT21-L","22.0000x20.0000x1.5000","250","KURTA SET","","","","0.00","0","","61041100","'GST5-12 to 5 &18%","","0","0.00","957.00","February 12, 2025 03:37:18 PM","1003YKMUSTARD-L","1","1.00","5027YKMULTI-L","1","1.00","DPT21MULTI","1","1.00"
"Yash gallery kurta set","1003YK5027DPT21-XL","22.0000x20.0000x1.5000","250","KURTA SET","","","","0.00","0","","61041100","'GST5-12 to 5 &18%","","2","0.00","957.00","February 12, 2025 03:37:18 PM","1003YKMUSTARD-XL","1","1.00","5027YKMULTI-XL","1","1.00","DPT21MULTI","1","1.00"
"Yash gallery kurta set","1003YK5027DPT21-XXL","22.0000x20.0000x1.5000","250","KURTA SET","","","","0.00","0","","61041100","'GST5-12 to 5 &18%","","0","0.00","1023.00","February 12, 2025 03:37:18 PM","1003YKMUSTARD-XXL","1","1.00","5027YKMULTI-XXL","1","1.00","DPT21MULTI","1","1.00"
"yash gallery duppta and kurta","1529DPT11WINE-XS","22.0000x20.0000x1.5000","100","Kurta with duppta","","","","0.00","0","","61041100","'GST5-12 to 5 &18%","","45","0.00","930.00","August 28, 2025 02:57:54 PM","1529YKWINE-XS","1","1.00","DPT11WINE","1","1.00"
"yash gallery kurta with duppta","1308DPT6MULTI-3XL","22.0000x20.0000x1.5000","250","Kurta with duppta","","","","0.00","0","","61041100","'GST5-12 to 5 &18%","","5","0.00","700.00","September 03, 2025 03:01:11 PM","1308YKBLUE-3XL","1","1.00","DPT6MULTI","1","1.00"
"yash gallery kurta with duppta","1308DPT6MULTI-4XL","22.0000x20.0000x1.5000","250","Kurta with duppta","","","","0.00","0","","61041100","'GST5-12 to 5 &18%","","0","0.00","700.00","September 03, 2025 03:01:11 PM","1308YKBLUE-4XL","1","1.00","DPT6MULTI","1","1.00"
"yash gallery kurta with duppta","1308DPT6MULTI-5XL","22.0000x20.0000x1.5000","250","Kurta with duppta","","","","0.00","0","","61041100","'GST5-12 to 5 &18%","","5","0.00","700.00","September 03, 2025 03:01:12 PM","1308YKBLUE-5XL","1","1.00","DPT6MULTI","1","1.00"
"Yash gallery kurta with duppta","1338DPT9BLACK-XS","22.0000x20.0000x1.5000","250","KURTA DUPPTA","","","","0.00","0","","61041100","'GST5-12 to 5 &18%","","5","0.00","1043.00","October 04, 2025 06:55:50 PM","1338YKBLACK-XS","1","1.00","DPT9BLACK","1","1.00"
"Yash gallery kurta with duppta","1355DPT27TEAL-XS","22.0000x20.0000x1.5000","250","KURTA DUPPTA","","","","0.00","0","","61041100","'GST5-12 to 5 &18%","","0","0.00","661.00","October 04, 2025 06:55:50 PM","1355YKTEAL-XS","1","1.00","DPT27TEAL","1","1.00"
"Yash gallery kurta with duppta","1308DPT6MULTI-XS","22.0000x20.0000x1.5000","250","KURTA DUPPTA","","","","0.00","0","","61041100","'GST5-12 to 5 &18%","","4","0.00","684.00","October 04, 2025 06:55:50 PM","1308YKBLUE-XS","1","1.00","DPT6MULTI","1","1.00"
"Yash gallery kurta with duppta","1338DPT9BLACK-6XL","22.0000x20.0000x1.5000","250","KURTA DUPPTA","","","","0.00","0","","61041100","'GST5-12 to 5 &18%","","34","0.00","850.00","October 04, 2025 06:55:50 PM","1338YKBLACK-6XL","1","1.00","DPT9BLACK","1","1.00"
"Yash gallery kurta with duppta","1338DPT9BLACK-7XL","22.0000x20.0000x1.5000","250","KURTA DUPPTA","","","","0.00","0","","61041100","'GST5-12 to 5 &18%","","33","0.00","850.00","October 04, 2025 06:55:50 PM","1338YKBLACK-7XL","1","1.00","DPT9BLACK","1","1.00"
"Yash gallery kurta with duppta","1338DPT9BLACK-8XL","22.0000x20.0000x1.5000","250","KURTA DUPPTA","","","","0.00","0","","61041100","'GST5-12 to 5 &18%","","37","0.00","850.00","October 04, 2025 06:55:50 PM","1338YKBLACK-8XL","1","1.00","DPT9BLACK","1","1.00"
"Yash gallery kurta with duppta","1355DPT27TEAL-6XL","22.0000x20.0000x1.5000","250","KURTA DUPPTA","","","","0.00","0","","61041100","'GST5-12 to 5 &18%","","0","0.00","600.00","October 04, 2025 06:55:50 PM","1355YKTEAL-6XL","1","1.00","DPT27TEAL","1","1.00"
"Yash gallery kurta with duppta","1355DPT27TEAL-7XL","22.0000x20.0000x1.5000","250","KURTA DUPPTA","","","","0.00","0","","61041100","'GST5-12 to 5 &18%","","1","0.00","600.00","October 04, 2025 06:55:50 PM","1355YKTEAL-7XL","1","1.00","DPT27TEAL","1","1.00"
"Yash gallery kurta with duppta","1355DPT27TEAL-8XL","22.0000x20.0000x1.5000","250","KURTA DUPPTA","","","","0.00","0","","61041100","'GST5-12 to 5 &18%","","1","0.00","600.00","October 04, 2025 06:55:50 PM","1355YKTEAL-8XL","1","1.00","DPT27TEAL","1","1.00"
"Yash gallery kurta with duppta","1112DPT21MULTI-XS","22.0000x20.0000x1.5000","250","KURTA DUPPTA","","","","0.00","0","","61041100","'GST5-12 to 5 &18%","","64","0.00","661.00","October 04, 2025 06:55:50 PM","1112YKBLACK-XS","1","1.00","DPT21MULTI","1","1.00"
"Yash gallery kurta duppta","AK-190YK5011-S","22.0000x20.0000x1.5000","250","KURTA DUPPTA","","","","0.00","0","","61041100","'GST5-12 to 5 &18%","","17","0.00","685.00","October 05, 2025 01:39:25 PM","5011YKOWHITE-S","1","1.00","AK-190MAROON-S","1","1.00"
"Yash gallery kurta duppta","AK-190YK5011-M","22.0000x20.0000x1.5000","250","KURTA DUPPTA","","","","0.00","0","","61041100","'GST5-12 to 5 &18%","","29","0.00","685.00","October 05, 2025 01:39:25 PM","5011YKOWHITE-M","1","1.00","AK-190MAROON-M","1","1.00"
"Yash gallery kurta duppta","AK-190YK5011-L","22.0000x20.0000x1.5000","250","KURTA DUPPTA","","","","0.00","0","","61041100","'GST5-12 to 5 &18%","","16","0.00","685.00","October 05, 2025 01:39:25 PM","5011YKOWHITE-L","1","1.00","AK-190MAROON-L","1","1.00"
"Yash gallery kurta duppta","AK-190YK5011-XL","22.0000x20.0000x1.5000","250","KURTA DUPPTA","","","","0.00","0","","61041100","'GST5-12 to 5 &18%","","31","0.00","685.00","October 05, 2025 01:39:25 PM","5011YKOWHITE-XL","1","1.00","AK-190MAROON-XL","1","1.00"
"Yash gallery kurta duppta","AK-190YK5011-XXL","22.0000x20.0000x1.5000","250","KURTA DUPPTA","","","","0.00","0","","61041100","'GST5-12 to 5 &18%","","11","0.00","718.00","October 05, 2025 01:39:25 PM","5011YKOWHITE-XXL","1","1.00","AK-190MAROON-XXL","1","1.00"
"Yash gallery kurta set","AK-204YK5007DPT29-XL","22.0000x20.0000x1.5000","250","KURTA SET","","","","0.00","0","","61041100","'GST5-12 to 5 &18%","","33","0.00","935.00","October 05, 2025 01:41:48 PM","5007YKBLACK-XL","1","1.00","AK-204SKDPINK-XL","1","1.00","DPT29PINK","1","1.00"
"Yash gallery kurta set","AK-204YK5007DPT29-XXL","22.0000x20.0000x1.5000","250","KURTA SET","","","","0.00","0","","61041100","'GST5-12 to 5 &18%","","43","0.00","968.00","October 05, 2025 01:41:48 PM","5007YKBLACK-XXL","1","1.00","AK-204SKDPINK-XXL","1","1.00","DPT29PINK","1","1.00"
"Yash gallery kurta set","AK-204YK5007DPT29-3XL","22.0000x20.0000x1.5000","250","KURTA SET","","","","0.00","0","","61041100","'GST5-12 to 5 &18%","","1","0.00","968.00","October 05, 2025 01:41:48 PM","5007YKBLACK-3XL","1","1.00","AK-204SKDPINK-3XL","1","1.00","DPT29PINK","1","1.00"
"Yash gallery kurta set","AK-204YK5007DPT29-4XL","22.0000x20.0000x1.5000","250","KURTA SET","","","","0.00","0","","61041100","'GST5-12 to 5 &18%","","10","0.00","968.00","October 05, 2025 01:41:48 PM","5007YKBLACK-4XL","1","1.00","AK-204SKDPINK-4XL","1","1.00","DPT29PINK","1","1.00"
"Yash gallery kurta set","AK-204YK5007DPT29-5XL","22.0000x20.0000x1.5000","250","KURTA SET","","","","0.00","0","","61041100","'GST5-12 to 5 &18%","","5","0.00","968.00","October 05, 2025 01:41:48 PM","5007YKBLACK-5XL","1","1.00","AK-204SKDPINK-5XL","1","1.00","DPT29PINK","1","1.00"
"Yash gallery kurta duppta","AK-205YK5007-XL","22.0000x20.0000x1.5000","250","KURTA DUPPTA","","","","0.00","0","","61041100","'GST5-12 to 5 &18%","","33","0.00","685.00","October 05, 2025 01:41:48 PM","5007YKBLACK-XL","1","1.00","AK-205SKDGREEN-XL","1","1.00"
"Yash gallery kurta duppta","AK-205YK5007-XXL","22.0000x20.0000x1.5000","250","KURTA DUPPTA","","","","0.00","0","","61041100","'GST5-12 to 5 &18%","","46","0.00","718.00","October 05, 2025 01:41:48 PM","5007YKBLACK-XXL","1","1.00","AK-205SKDGREEN-XXL","1","1.00"
"Yash gallery kurta duppta","AK-205YK5007-3XL","22.0000x20.0000x1.5000","250","KURTA DUPPTA","","","","0.00","0","","61041100","'GST5-12 to 5 &18%","","1","0.00","718.00","October 05, 2025 01:41:49 PM","5007YKBLACK-3XL","1","1.00","AK-205SKDGREEN-3XL","1","1.00"
"Yash gallery kurta duppta","AK-205YK5007-4XL","22.0000x20.0000x1.5000","250","KURTA DUPPTA","","","","0.00","0","","61041100","'GST5-12 to 5 &18%","","10","0.00","718.00","October 05, 2025 01:41:49 PM","5007YKBLACK-4XL","1","1.00","AK-205SKDGREEN-4XL","1","1.00"
"Yash gallery kurta duppta","AK-205YK5007-5XL","22.0000x20.0000x1.5000","250","KURTA DUPPTA","","","","0.00","0","","61041100","'GST5-12 to 5 &18%","","5","0.00","718.00","October 05, 2025 01:41:49 PM","5007YKBLACK-5XL","1","1.00","AK-205SKDGREEN-5XL","1","1.00"
"Yash gallery kurta set","6024SKD5010-S","22.0000x20.0000x1.5000","250","KURTA SET","","","","0.00","0","","61041100","'GST5-12 to 5 &18%","","20","0.00","685.00","December 18, 2025 12:29:03 PM","5010YKWHITE-S","1","1.00","6024SKDPURPLE-S","1","1.00"
"Yash gallery kurta set","6024SKD5010-M","22.0000x20.0000x1.5000","250","KURTA SET","","","","0.00","0","","61041100","'GST5-12 to 5 &18%","","11","0.00","685.00","December 18, 2025 12:29:03 PM","5010YKWHITE-M","1","1.00","6024SKDPURPLE-M","1","1.00"
"Yash gallery kurta set","6024SKD5010-L","22.0000x20.0000x1.5000","250","KURTA SET","","","","0.00","0","","61041100","'GST5-12 to 5 &18%","","4","0.00","685.00","December 18, 2025 12:29:03 PM","5010YKWHITE-L","1","1.00","6024SKDPURPLE-L","1","1.00"
"Yash gallery kurta set","6024SKD5010-XL","22.0000x20.0000x1.5000","250","KURTA SET","","","","0.00","0","","61041100","'GST5-12 to 5 &18%","","3","0.00","685.00","December 18, 2025 12:29:04 PM","5010YKWHITE-XL","1","1.00","6024SKDPURPLE-XL","1","1.00"
