"Warehouse Id","SKU","Title","Listing Id","FSN","Brand","Flipkart Selling Price","Live on Website","Sales 7D","Sales 14D","Sales 30D","Sales 60D","Sales 90D","B2B Scheduled","Transfers Scheduled","B2B Shipped","Transfers Shipped","B2B Receiving","Transfers Receiving","Reserved for Orders and Recalls","Reserved for Internal Processing","Returns Processing","Orders to Dispatch","Recalls to Dispatch","Damaged","QC Reject","Catalog Reject","Returns Reject","Seller Return Reject","Miscellaneous","Length (in cm)","Breadth (in cm)","Height (in cm)","Weight (in kg)","Fulfilment Type","F Assured Badge"
malur_bts,190YK214MEHROON-XXL,AKIKO Women Printed Anarkali Kurta,LSTKTAFJY2MTG4UCDD3M5Y77X,KTAFJY2MTG4UCDD3,AKIKO,717.0,0,0,0,0,0,1,0,0,0,0,0,0,0,0,0,0,0,0,0,0,0,0,0,29.647134,17.96796,4.092702,0.23,Seller,Yes
malur_bts,5023YKBLUE-M,AKIKO Regular Fit Women Blue Trousers,LSTTROGY7XBHPEZNYSQYNNGFI,TROGY7XBHPEZNYSQ,AKIKO,530.0,0,0,0,0,0,0,0,0,0,0,0,0,0,0,0,0,0,0,0,0,0,0,0,32.142684,23.158704,1.9298920000000002,0.238,Seller,Yes
gur_san_wh_nl_01nl,1270YKBLUE-XXL,Yash Gallery Women Ikat A-line Kurta,LSTKTAGYZFP7QYG2ADN1PFSL4,KTAGYZFP7QYG2ADN,Yash Gallery,803.0,0,0,0,0,0,0,0,0,0,0,0,0,0,0,0,0,0,0,0,0,0,0,0,0.0,0.0,0.0,0.0,"Smart/Flipkart, Seller",Yes
ulub_bts,SKU-DUMMY,UNKNOWN PRODUCT,LISTING-DUMMY,WPRHK5N2AG3HPTBA,,,0,0,0,0,0,0,0,0,0,0,0,0,0,0,0,0,0,0,0,0,0,0,2,0.0,0.0,0.0,0.0,Seller,Yes
gur_san_wh_nl_01nl,1057PLYKBLUE-XXL,Yash Gallery Casual Striped Women Blue Top,LSTTOPGQGHM5DBRQTFUEY7UDV,TOPGQGHM5DBRQTFU,Yash Gallery,974.0,0,0,0,0,0,0,0,0,0,0,0,0,0,0,0,0,0,0,0,0,0,0,0,0.0,0.0,0.0,0.0,"Smart/Flipkart, Seller",Yes
gur_san_wh_nl_01nl,1057YKBLUE-M,Yash Gallery Casual 3/4 Sleeve Striped Women Blue Top,LSTTUNFN5SUDHKGEKZKKLGVNH,TUNFN5SUDHKGEKZK,Yash Gallery,840.0,0,0,0,0,0,0,0,0,0,0,0,0,0,0,0,0,0,0,0,0,0,0,0,0.0,0.0,0.0,0.0,"Smart/Flipkart, Seller",Yes
gur_san_wh_nl_01nl,1065YKBLUE-M,Yash Gallery Women Geometric Print A-line Kurta,LSTKTAFH4W6W4BEH5GFIJZM9G,KTAFH4W6W4BEH5GF,Yash Gallery,811.0,0,0,0,0,0,0,0,0,0,0,0,0,0,0,0,0,0,0,0,0,0,0,0,0.0,0.0,0.0,0.0,"Smart/Flipkart, Seller",Yes
gur_san_wh_nl_01nl,1057YKBLUE-XL,Yash Gallery Casual 3/4 Sleeve Striped Women Blue Top,LSTTUNFN5SUPEZ4YUGBPZZHXU,TUNFN5SUPEZ4YUGB,Yash Gallery,840.0,0,0,0,0,0,0,0,0,0,0,0,0,0,0,0,0,0,0,0,0,0,0,0,0.0,0.0,0.0,0.0,"Smart/Flipkart, Seller",Yes
gur_san_wh_nl_01nl,1164YKBLACK-M,Yash Gallery Women Printed Anarkali Kurta,LSTKTAFUFQ5HGDHKG8MVU2NDK,KTAFUFQ5HGDHKG8M,Yash Gallery,797.0,0,0,0,0,0,0,0,0,0,0,0,0,0,0,0,0,0,0,0,0,0,0,0,0.0,0.0,0.0,0.0,"Smart/Flipkart, Seller",Yes
malur_bts,1903YKPISTAGREEN-7XL,AKIKO Women Tiered Green Midi/Calf Length Dress,LSTDREHC425GDWJGHHPQTT8LU,DREHC425GDWJGHHP,AKIKO,797.0,1,0,0,0,0,0,0,0,0,0,0,0,0,0,0,0,0,0,0,0,0,0,0,30.246066,21.561552,1.35509,0.0059,"Smart/Flipkart, Seller",No
gur_san_wh_nl_01nl,1530YKWINE-XXL,Yash Gallery Casual Striped Women Purple Top,LSTTOPGQGKHKZKHGSTDDBS30T,TOPGQGKHKZKHGSTD,Yash Gallery,853.0,0,0,0,0,0,0,0,0,0,0,0,0,0,0,0,0,0,0,0,0,0,0,0,0.0,0.0,0.0,0.0,"Smart/Flipkart, Seller",Yes
luc_has_wh_nl_02nl,165YK251MUSTRAD-M,AKIKO Women Floral Print Flared Kurta,LSTKTAFJUTNTHZ9FAGQ6FJJNO,KTAFJUTNTHZ9FAGQ,AKIKO,684.0,5,0,0,0,0,0,0,0,0,0,0,0,0,0,0,0,0,0,0,0,0,0,0,27.051762,23.857457999999998,1.946402,0.1331,"Smart/Flipkart, Seller",Yes
malur_bts,1085YKPINK-S,AKIKO Women Printed Straight Kurta,LSTKTAFNHUPRMRR6FJSRAJPUZ,KTAFNHUPRMRR6FJS,AKIKO,744.0,1,0,0,0,0,0,0,0,0,0,0,0,0,0,0,0,0,0,0,0,0,0,0,11.97864,8.98398,2.49555,0.48,"Smart/Flipkart, Seller",No
bhi_vas_wh_nl_01nl,1057PLYKBLUE-S,AKIKO Casual Striped Women Blue Top,LSTTOPHDVGTPGFYXPV6IMFTCQ,TOPHDVGTPGFYXPV6,AKIKO,595.0,1,0,0,0,0,0,0,0,0,0,0,0,0,0,0,0,0,0,0,0,0,0,0,27.251406,17.169384,3.0944819999999997,0.176,"Smart/Flipkart, Seller",Yes
gur_san_wh_nl_01nl,1266YKBLUE-XL,Yash Gallery Women Printed Anarkali Kurta,LSTKTAGYZFZHEYRNWSF2ORMYC,KTAGYZFZHEYRNWSF,Yash Gallery,789.0,0,0,0,0,0,0,0,0,0,0,0,0,0,0,0,0,0,0,0,0,0,0,0,0.0,0.0,0.0,0.0,"Smart/Flipkart, Seller",Yes
luc_has_wh_nl_02nl,146PLYK148AZKBLU-XXL,AKIKO Women Printed Anarkali Kurta,LSTKTAG3TTNSYNXGTWWYLGQ3Z,KTAG3TTNSYNXGTWW,AKIKO,822.0,3,0,0,0,0,0,0,0,0,0,0,0,0,0,0,0,0,0,0,0,0,0,0,30.44571,19.066002,5.1907440000000005,0.275,"Smart/Flipkart, Seller",No
luc_has_wh_nl_02nl,1057YKBLUE-XL,AKIKO Casual 3/4 Sleeve Striped Women Blue Top,LSTTUNFNHVKVK7YDKPVZEFWV7,TUNFNHVKVK7YDKPV,AKIKO,597.0,4,0,0,0,0,0,0,0,0,0,0,0,0,0,0,0,0,0,0,0,0,0,0,11.97864,8.98398,2.49555,0.48,"Smart/Flipkart, Seller",Yes
gur_san_wh_nl_01nl,1270YKBLUE-L,Yash Gallery Women Ikat A-line Kurta,LSTKTAGYZFPGZBSRHHD7XCKMK,KTAGYZFPGZBSRHHD,Yash Gallery,807.0,0,0,0,0,0,0,0,0,0,0,0,0,0,0,0,0,0,0,0,0,0,0,0,0.0,0.0,0.0,0.0,"Smart/Flipkart, Seller",Yes
gur_san_wh_nl_01nl,1057YKBLUE-XXL,Yash Gallery Casual Striped Women Blue Top,LSTTOPGDHWSASZZHN4FBUKUSM,TOPGDHWSASZZHN4F,Yash Gallery,871.0,0,0,0,0,0,0,0,0,0,0,0,0,0,0,0,0,0,0,0,0,0,0,0,0.0,0.0,0.0,0.0,"Smart/Flipkart, Seller",Yes
ulub_bts,1590YKBLUE-M,AKIKO Casual Tie & Dye Women Blue Top,LSTTOPGUFJZMRTGUGQPVPT00J,TOPGUFJZMRTGUGQP,AKIKO,458.0,1,0,0,0,0,0,0,0,0,0,0,0,0,0,0,0,0,0,0,0,0,0,0,35.536632,29.547311999999998,0.898398,0.151,"Smart/Flipkart, Seller",No
gur_san_wh_nl_01nl,1336YKBLACK-L,AKIKO Casual Embroidered Women Black Top,LSTTOPG6HMHMXZVHKCQNE1ADJ,TOPG6HMHMXZVHKCQ,AKIKO,571.0,0,0,0,0,0,0,0,0,0,0,0,0,1,0,0,0,0,0,0,0,0,0,0,3.9928800000000004,3.9928800000000004,3.9928800000000004,0.18,Seller,No
luc_has_wh_nl_02nl,1570YKPEACH-M,AKIKO Casual Embroidered Women Orange Top,LSTTOPGUF87JJ4TK5DHLV6P5W,TOPGUF87JJ4TK5DH,AKIKO,486.0,5,0,0,0,0,0,0,0,0,0,0,0,0,0,0,0,0,0,0,0,0,0,0,25.254966,16.071342,2.5953720000000002,0.13,"Smart/Flipkart, Seller",Yes
malur_bts,SKU-DUMMY,UNKNOWN PRODUCT,LISTING-DUMMY,WPRHATBE3FFVEXBF,,,0,0,0,0,0,0,0,0,0,0,0,0,0,0,0,0,0,0,2,0,0,0,2,0.0,0.0,0.0,0.0,Seller,Yes
luc_has_wh_nl_02nl,1057YKBLUE-XS,AKIKO Casual Striped Women Blue Top,LSTTOPGDMZ5ZHYH2Z2WLZOC2V,TOPGDMZ5ZHYH2Z2W,AKIKO,597.0,4,0,0,0,0,0,0,0,0,0,0,0,0,0,0,0,0,0,0,0,0,0,0,37.333428,28.94838,2.295906,0.158,"Smart/Flipkart, Seller",No
ulub_bts,1164PLYKBLACK-3XL,AKIKO Women Printed Anarkali Kurta,LSTKTAG3TSQFRB6MQMNCBIGEW,KTAG3TSQFRB6MQMN,AKIKO,826.0,2,0,0,0,0,0,0,0,0,0,0,0,0,0,0,0,0,0,0,0,0,0,0,29.347668,18.666714,5.290566,0.314,"Smart/Flipkart, Seller",Yes
ulub_bts,1330YKBLUE-XL,AKIKO Women Printed Anarkali Kurta,LSTKTAG6HHFJP2YFQGXV5GLND,KTAG6HHFJP2YFQGX,AKIKO,809.0,0,0,0,0,0,0,0,0,0,0,0,0,1,0,0,0,0,0,0,0,0,0,0,29.846778,18.666714,2.894838,0.135,Seller,No
gur_san_wh_nl_01nl,1065YKBLUE-L,Yash Gallery Women Geometric Print A-line Kurta,LSTKTAFH4V8FANPHJ9MQ8QQGO,KTAFH4V8FANPHJ9M,Yash Gallery,811.0,0,0,0,0,0,0,0,0,0,0,0,0,0,0,0,0,0,0,0,0,0,0,0,0.0,0.0,0.0,0.0,"Smart/Flipkart, Seller",Yes
gur_san_wh_nl_01nl,1202YKBLUE-4XL,"AKIKO Women Polka Print Blue, White Top & Pyjama Set",LSTNSTGDZ74F9UYPUYRUCLY5J,NSTGDZ74F9UYPUYR,AKIKO,753.0,2,0,0,0,0,0,0,0,0,0,0,0,0,0,0,0,0,0,0,0,0,0,0,28.549092,19.9644,2.795016,0.249,"Smart/Flipkart, Seller",No
luc_has_wh_nl_02nl,167YK251BLACK-XXL,AKIKO Women Floral Print Flared Kurta,LSTKTAFJUQXZSZYRUZJWQMR5A,KTAFJUQXZSZYRUZJ,AKIKO,719.0,3,0,0,0,0,0,0,0,0,0,0,0,0,0,0,0,0,0,0,0,0,0,0,41.326308,29.547311999999998,4.292346,0.369,"Smart/Flipkart, Seller",Yes
luc_has_wh_nl_02nl,314YK411RED-XL,AKIKO Women Printed Anarkali Kurta,LSTKTAFMEFPYDUNQZDP5NH8TU,KTAFMEFPYDUNQZDP,AKIKO,813.0,5,0,0,0,0,0,0,0,0,0,0,0,0,0,0,0,0,0,0,0,0,0,0,27.45105,18.267426,3.1943040000000003,0.263,"Smart/Flipkart, Seller",No
malur_bts,1278YKPINK-M,"AKIKO Women Printed Pink, White Night Suit Set",LSTNSTGFGE8R6K6VSFGJ3DYNO,NSTGFGE8R6K6VSFG,AKIKO,730.0,1,0,0,0,0,0,0,0,0,0,0,0,0,0,0,0,0,0,0,0,0,0,0,35.636454,25.354788000000003,2.395728,0.281,"Smart/Flipkart, Seller",No
malur_bts,5023YKBLUE-XL,AKIKO Regular Fit Women Blue Trousers,LSTTROGY7XB8XZFJ4GQIZXLUL,TROGY7XB8XZFJ4GQ,AKIKO,565.0,1,0,0,0,0,0,0,0,0,0,0,0,0,0,0,0,0,0,0,0,0,0,0,32.142684,23.158704,1.9298920000000002,0.238,"Smart/Flipkart, Seller",Yes
bhi_vas_wh_nl_01nl,1473YKWHITE-XS,AKIKO Party Striped Women Pink Top,LSTTOPGUHQWX4DVGKXCKANM5V,TOPGUHQWX4DVGKXC,AKIKO,428.0,1,0,0,0,0,0,0,0,0,0,0,0,0,0,0,0,0,0,0,0,0,0,0,37.632894,32.342328,1.077976,0.1368,"Smart/Flipkart, Seller",No
bhi_vas_wh_nl_01nl,206YK324MUSTARD-M,"AKIKO Women Striped Casual Black, Yellow Shirt",LSTSHTFJX9AUF5Z8XHAYQH8WI,SHTFJX9AUF5Z8XHA,AKIKO,534.0,1,0,0,0,0,0,0,0,0,0,0,0,0,0,0,0,0,0,0,0,0,0,0,34.438590000000005,30.046422,1.9964400000000002,0.12,"Smart/Flipkart, Seller",Yes
luc_has_wh_nl_02nl,293YK393GREEN-M,AKIKO Women Solid Anarkali Kurta,LSTKTAFMEFP6JKV38ZFQ51LRF,KTAFMEFP6JKV38ZF,AKIKO,740.0,5,0,0,0,0,0,0,0,0,0,0,0,0,0,0,0,0,0,0,0,0,0,0,27.850338,17.96796,4.292346,0.302,"Smart/Flipkart, Seller",Yes
luc_has_wh_nl_02nl,293YK393GREEN-XXL,AKIKO Women Solid Anarkali Kurta,LSTKTAFMEFPMWYPFZGEDNXSD3,KTAFMEFPMWYPFZGE,AKIKO,771.0,0,0,0,0,0,0,0,0,0,0,0,0,0,0,0,0,0,0,0,0,0,0,0,27.95016,17.96796,4.292346,0.301,Seller,Yes
malur_bts,1112YKBLACK-XL,"AKIKO Women Printed, Solid A-line Kurta",LSTKTAFQ367HF7RYRNPQTOTYQ,KTAFQ367HF7RYRNP,AKIKO,720.0,0,0,0,0,0,0,0,0,0,0,0,0,0,0,0,0,0,0,0,0,1,0,0,32.242506,26.153364,0.07493,0.0097,Seller,Yes
gur_san_wh_nl_01nl,1057YKBLUE-5XL,AKIKO Casual Striped Women Blue Top,LSTTOPGDMYW93HVBYTYKEJI3E,TOPGDMYW93HVBYTY,AKIKO,619.0,1,0,0,0,0,0,0,0,0,0,0,0,1,0,0,0,0,0,0,0,0,0,0,11.97864,8.98398,2.49555,0.48,"Smart/Flipkart, Seller",Yes
bhi_vas_wh_nl_01nl,1043YKMAROON-S,AKIKO Casual 3/4 Sleeve Printed Women Maroon Top,LSTTOPFHX5WM6RGUCP5ETDUEI,TOPFHX5WM6RGUCP5,AKIKO,478.0,1,0,0,0,0,0,0,0,0,0,0,0,0,0,0,0,0,0,0,0,0,0,0,31.244286000000002,26.153364,0.898398,0.269,"Smart/Flipkart, Seller",No
malur_bts,5012YKPINK-XXL,AKIKO Regular Fit Women Pink Trousers,LSTTROFWXXKHSMNSFNFTNOH7J,TROFWXXKHSMNSFNF,AKIKO,595.0,0,0,0,0,0,0,0,0,0,0,0,0,0,0,0,0,0,0,0,0,1,0,0,31.643574,28.149804,1.098042,0.163,Seller,No
luc_has_wh_nl_02nl,314YK411RED-XXL,AKIKO Women Printed Anarkali Kurta,LSTKTAFMEFPCC99ZPTRDU2007,KTAFMEFPCC99ZPTR,AKIKO,844.0,3,0,0,0,0,0,0,0,0,0,0,0,0,0,0,0,0,0,0,0,0,0,0,29.247846000000003,19.165824,0.898398,0.235,"Smart/Flipkart, Seller",Yes
bhi_vas_wh_nl_01nl,1057YKBLUE-L,AKIKO Casual 3/4 Sleeve Striped Women Blue Top,LSTTUNFNHVKFSC29FD7HJVODK,TUNFNHVKFSC29FD7,AKIKO,597.0,1,0,0,0,0,0,0,0,0,0,0,0,0,0,0,0,0,0,0,0,0,0,0,36.634674,28.94838,2.99466,0.179,"Smart/Flipkart, Seller",No
malur_bts,5019YKDENIM-S,AKIKO Regular Fit Women Blue Trousers,LSTTROFYN2X47A7QBVCPEI9EG,TROFYN2X47A7QBVC,AKIKO,662.0,1,0,0,0,0,0,0,0,0,0,0,0,0,0,0,0,0,0,0,0,0,0,0,24.156924,16.071342,3.0944819999999997,0.21,"Smart/Flipkart, Seller",Yes
bhi_vas_wh_nl_01nl,165YK251MUSTRAD-S,AKIKO Women Floral Print Flared Kurta,LSTKTAFJUTNCRX9SBBFNOL8LE,KTAFJUTNCRX9SBBF,AKIKO,646.0,0,0,0,0,0,0,0,0,0,0,0,0,1,0,0,0,0,0,0,0,0,0,0,28.94838,19.365468,6.089142,0.366,Seller,Yes
luc_has_wh_nl_02nl,1096YKBLUE-L,AKIKO Women Printed Anarkali Kurta,LSTKTAFNHUPAWXGMQ4Z7Z60K9,KTAFNHUPAWXGMQ4Z,AKIKO,773.0,3,0,0,0,0,0,0,0,0,0,0,0,0,0,0,0,0,0,0,0,0,0,0,29.347668,16.47063,3.0944819999999997,0.253,"Smart/Flipkart, Seller",Yes
luc_has_wh_nl_02nl,1096YKBLUE-3XL,AKIKO Women Printed Anarkali Kurta,LSTKTAGDN5UFVSUZZNROY6XLI,KTAGDN5UFVSUZZNR,AKIKO,805.0,4,0,0,0,0,0,0,0,0,0,0,0,0,0,0,0,0,0,0,0,0,0,0,41.92524,29.447490000000002,2.5953720000000002,0.281,"Smart/Flipkart, Seller",Yes
luc_has_wh_nl_02nl,1065YKBLUE-L,AKIKO Women Printed A-line Kurta,LSTKTAFHV4ZRHZ94GCTOUUFLU,KTAFHV4ZRHZ94GCT,AKIKO,773.0,4,0,0,0,0,0,0,0,0,0,0,0,0,0,0,0,0,0,0,0,0,0,0,39.230046,28.349448,3.49377,0.333,"Smart/Flipkart, Seller",Yes
bhi_vas_wh_nl_01nl,1057YKNBLUE-3XL,AKIKO Casual Striped Women Blue Top,LSTTOPGKRM7ZYAZPGNYXTGNKK,TOPGKRM7ZYAZPGNY,AKIKO,626.0,1,0,0,0,0,0,0,0,0,0,0,0,0,0,0,0,0,0,0,0,0,0,0,37.033961999999995,29.247846000000003,3.893058,0.192,"Smart/Flipkart, Seller",Yes
gur_san_wh_nl_01nl,AK-212NAVYBLUE-3XL,AKIKO Top Pant Co-ords Set,LSTAZTHF3VUCEN65HHU885WFY,AZTHF3VUCEN65HHU,AKIKO,732.0,1,0,0,0,0,0,0,0,0,0,0,0,1,0,0,0,0,0,0,0,0,0,0,34.338768,28.648914,3.0944819999999997,0.324,"Smart/Flipkart, Seller",No
luc_has_wh_nl_02nl,1548PLYKPINK-4XL,AKIKO Women Solid Anarkali Kurta,LSTKTAGWJ75ZHHDYBVKLPJDQK,KTAGWJ75ZHHDYBVK,AKIKO,867.0,5,0,0,0,0,0,0,0,0,0,0,0,0,0,0,0,0,0,0,0,0,0,0,41.62577400000001,29.048202,2.894838,0.33,"Smart/Flipkart, Seller",Yes
luc_has_wh_nl_02nl,1057YKBLUE-S,AKIKO Casual 3/4 Sleeve Striped Women Blue Top,LSTTUNFNHVKXPDPQGZSAWGBNX,TUNFNHVKXPDPQGZS,AKIKO,560.0,4,0,0,0,0,0,0,0,0,0,0,0,0,0,0,0,0,0,0,0,0,0,0,37.333428,30.94482,1.8966180000000001,0.166,"Smart/Flipkart, Seller",No
gur_san_wh_nl_01nl,237YK345PINK-S,AKIKO Casual Bell Sleeve Embroidered Women Pink Top,LSTTOPFJV5XFH3JUT2RHX518Q,TOPFJV5XFH3JUT2R,AKIKO,538.0,0,0,0,0,0,0,0,0,0,0,0,0,0,0,0,0,0,0,0,0,0,0,0,29.746955999999997,16.071342,1.796796,0.139,Seller,Yes
malur_bts,SPF-1530YKWINE-M,AKIKO Casual Striped Women Purple Top,LSTTOPGS7HSEJHH3FAN0FAUIS,TOPGS7HSEJHH3FAN,AKIKO,599.0,1,0,0,0,0,0,0,0,0,0,0,0,0,0,0,0,0,0,0,0,0,0,0,24.256746,17.96796,5.090922000000001,0.187,"Smart/Flipkart, Seller",No
malur_bts,1227YKBLUE-M,AKIKO Women Printed Anarkali Kurta,LSTKTAFYN4EQMNSVV267ZMHWN,KTAFYN4EQMNSVV26,AKIKO,753.0,1,0,0,0,0,0,0,0,0,0,0,0,0,0,0,0,0,0,0,0,0,0,0,30.246066,21.561552,1.35509,0.0059,"Smart/Flipkart, Seller",Yes
luc_has_wh_nl_02nl,167YK251BLACK-M,AKIKO Women Floral Print Flared Kurta,LSTKTAFJUQXGJ7HG2GU4IVZ3X,KTAFJUQXGJ7HG2GU,AKIKO,648.0,3,0,0,0,0,0,0,0,0,0,0,0,0,0,0,0,0,0,0,0,0,0,0,39.9288,30.645353999999998,2.695194,0.3,"Smart/Flipkart, Seller",Yes
gur_san_wh_nl_01nl,190YK214MEHROON-L,AKIKO Women Printed Anarkali Kurta,LSTKTAFJY2MCQQMBR2KL3FOZT,KTAFJY2MCQQMBR2K,AKIKO,684.0,0,0,0,0,0,0,0,0,0,0,0,0,0,0,0,0,0,0,0,0,0,0,0,30.645353999999998,20.762976000000002,3.49377,0.204,Seller,Yes
malur_bts,1034YKTEAL-L,AKIKO Women Embroidered A-line Kurta,LSTKTAFJV3Z5E7SCVZZS8TBWG,KTAFJV3Z5E7SCVZZ,AKIKO,724.0,1,0,0,0,0,0,0,0,0,0,0,0,0,0,0,0,0,0,0,0,0,0,0,39.130224,27.251406,2.375662,0.3134,"Smart/Flipkart, Seller",Yes
luc_has_wh_nl_02nl,237YK345PINK-L,AKIKO Casual Bell Sleeve Embroidered Women Pink Top,LSTTOPFJV5XXUJVWRATYHLILZ,TOPFJV5XXUJVWRAT,AKIKO,540.0,1,0,0,0,0,0,0,0,0,0,0,0,0,0,0,0,0,0,1,0,0,0,1,34.538412,27.051762,1.8966180000000001,0.41,"Smart/Flipkart, Seller",No
malur_bts,1012YKPINK-3XL,AKIKO Casual Solid Women Pink Top,LSTTOPH4C8FBVZUCKBZEEDVD8,TOPH4C8FBVZUCKBZ,AKIKO,593.0,1,0,0,0,0,0,0,0,0,0,0,0,0,0,0,0,0,0,0,0,0,0,0,11.97864,8.98398,2.49555,0.48,"Smart/Flipkart, Seller",Yes
luc_has_wh_nl_02nl,206YK324MUSTARD-L,"AKIKO Women Striped Casual Black, Yellow Shirt",LSTSHTFJX9AZDREMY4EN1XFFM,SHTFJX9AZDREMY4E,AKIKO,534.0,5,0,0,0,0,0,0,0,0,0,0,0,0,0,0,0,0,0,0,0,0,0,0,34.238946000000006,28.748736,1.9964400000000002,0.13,"Smart/Flipkart, Seller",Yes
luc_has_wh_nl_02nl,1055YKGREEN-S,AKIKO Casual 3/4 Sleeve Embroidered Women Green Top,LSTTOPFNHV9AZFXRRYVF3EXFY,TOPFNHV9AZFXRRYV,AKIKO,567.0,4,0,0,0,0,0,0,0,0,0,0,0,0,0,0,0,0,0,0,0,0,0,0,3.9928800000000004,3.9928800000000004,3.9928800000000004,0.18,"Smart/Flipkart, Seller",Yes
malur_bts,1473YKWHITE-XL,"AKIKO Party Striped Women Pink, White Top",LSTTOPGNTWZZ29Q44ZQT08EK6,TOPGNTWZZ29Q44ZQ,AKIKO,433.0,1,0,0,0,0,0,0,0,0,0,0,0,0,0,0,0,0,0,0,0,1,0,0,27.850338,17.568672,1.796796,0.098,"Smart/Flipkart, Seller",No
ulub_bts,AK-141PINK-XXL,AKIKO Women Floral Print Straight Kurta,LSTKTAHYQDABMRQJK4CGIYXTP,KTAHYQDABMRQJK4C,AKIKO,560.0,1,0,0,0,0,0,0,0,0,0,0,0,0,0,0,0,0,0,0,0,0,0,0,28.549092,19.9644,2.795016,0.245,"Smart/Flipkart, Seller",Yes
gur_san_wh_nl_01nl,165YK251MUSTRAD-S,AKIKO Women Floral Print Flared Kurta,LSTKTAFJUTNCRX9SBBFNOL8LE,KTAFJUTNCRX9SBBF,AKIKO,646.0,0,0,0,0,0,0,0,0,0,0,0,0,1,0,0,0,0,0,0,0,0,0,0,28.94838,19.365468,6.089142,0.366,Seller,Yes
malur_bts,1592YKBLUE-XL,AKIKO Women Ikat Anarkali Kurta,LSTKTAGUGNP39NTBQ59E4HHZ6,KTAGUGNP39NTBQ59,AKIKO,769.0,1,0,0,0,0,0,0,0,0,0,0,0,0,0,0,0,0,0,0,0,0,0,0,28.748736,24.057102,1.367536,0.1829,"Smart/Flipkart, Seller",Yes
luc_has_wh_nl_02nl,190PLYK214MEHROON-3XL,AKIKO Women Printed Anarkali Kurta,LSTKTAG3TTNQDVTW9TF5NRAOC,KTAG3TTNQDVTW9TF,AKIKO,722.0,5,0,0,0,0,0,0,0,0,0,0,0,0,0,0,0,0,0,0,0,0,0,0,41.226485999999994,30.046422,2.196084,0.234,"Smart/Flipkart, Seller",No
luc_has_wh_nl_02nl,1096YKBLUE-XL,AKIKO Women Printed Anarkali Kurta,LSTKTAFNHUPAEQ2MHGGTJ5INX,KTAFNHUPAEQ2MHGG,AKIKO,773.0,1,0,0,0,0,0,0,0,0,0,0,0,0,0,0,0,0,0,0,0,0,0,0,27.351228000000003,18.367248,3.0944819999999997,0.262,"Smart/Flipkart, Seller",Yes
bhi_vas_wh_nl_01nl,1336YKBLACK-M,AKIKO Casual Embroidered Women Black Top,LSTTOPG6HMHKYHSYBGHIOUXAH,TOPG6HMHKYHSYBGH,AKIKO,581.0,2,0,0,0,0,0,0,0,0,0,0,0,0,0,0,0,0,0,0,0,0,0,0,29.347668,16.071342,4.392168,0.176,"Smart/Flipkart, Seller",Yes
luc_has_wh_nl_02nl,1055YKGREEN-M,AKIKO Casual 3/4 Sleeve Embroidered Women Green Top,LSTTOPFNHV99JXFMGYGQIRFFY,TOPFNHV99JXFMGYG,AKIKO,532.0,5,0,0,0,0,0,0,0,0,0,0,0,0,0,0,0,0,0,0,0,0,0,0,28.549092,19.864578,2.894838,0.247,"Smart/Flipkart, Seller",Yes
