"seller id","warehouse id","po_type","store order id","order release id","order line id","seller order id","order id fk","created on","style id","seller sku code","sku id","myntra sku code","size","vendor article number","brand","style name","article type","order status","packet id","seller packe id","courier code","order tracking number","seller warehouse id","cancellation reason id fk","cancellation reason","packed on","fmpu date","inscanned on","shipped on","delivered on","cancelled on","rto creation date","lost date","return creation date","final amount","total mrp","discount","coupon discount","shipping charge","gift charge","tax recovery","city","state","zipcode","seller price"
"36841","28","SJIT","'133781989507992449203","100265054299","11319789119","3150cbbb-b5be-4b74-bb53-c24b25f7764d","5975884024","2026-08-05 20:22:03.000","11008024","42951412","42951412","YARYTOPS42951412","3XL","237YK345PINK","YASH GALLERY","YASH GALLERY Fuchsia Pink Embroidered Top With Applique","Tops","SH","1000103531548","1935977965","flipkartlogistics","MYSP1447389951","28",,,"2026-08-06 00:25:16.000",,"2026-08-06 00:40:57.000","2026-08-06 00:48:10.000",,,,,,"641.00","1299.00","658.00","0.00","0.00","0.00","0.00","Ghaziabad","UP","201010","582"
"36841","59646","PPMP","'133780580750300507601","100264640976","11319375700","1416ac38-2249-49ca-9398-6836928a2ed3","5975627293","2026-08-05 16:27:17.000","15874216","1373YKPINK-XXL","50751442","YARYKRTI50751442","XXL","1373YKPINK","YASH GALLERY","YASH GALLERY Pink & White Ethnic Motifs Printed Kurti","Kurtis","WP",,,"flipkartlogistics",,"59646",,,,,,,,,,,,"597.00","2559.00","1962.00","0.00","0.00","0.00","0.00","Pune","MH","411021","538"
"36841","59646","PPMP","'133778346393216383003","100263989735","11318724192","daf1c21c-3b81-46ba-b631-dc8a24c87484","5975233713","2026-08-05 10:14:53.000","42025667","DB_1505YKORANGE-M","134268763","DSBYTOPS134268763","M","DB_1505YKORANGE","DressBerry","DressBerry Top","Tops","PK","1000102990156",,"flipkartlogistics","MYSP1447167426","59646",,,"2026-08-05 12:43:31.000","2026-08-05 18:03:07.000",,,,,,,,"362.00","2199.00","1837.00","0.00","0.00","0.00","0.00","Gurgaon","HR","122003","327"
"36841","59646","PPMP","'133778419863937886401","100264009308","11318743780","3474b667-6862-47e9-af4a-179e9e3dd017","5975245134","2026-08-05 10:27:07.000","43562224","DB_7108YKBLUE-F","139030403","DSBYTOPS139030403","Onesize","DB_7108YKBLUE","DressBerry","DressBerry Print Halter Neck Cotton Crop Top","Tops","SH","1000102990414",,"flipkartlogistics","MYSP1447167168","59646",,,"2026-08-05 12:43:41.000","2026-08-05 18:03:01.000","2026-08-06 00:31:27.000","2026-08-06 00:36:43.000",,,,,,"279.00","1999.00","1720.00","0.00","0.00","0.00","0.00","Pune","MH","411002","244"
"36841","59646","PPMP","'133781849614266748001","100265010092","11319744912","51befa03-6061-4702-8469-d681922b7e3f","5975856637","2026-08-05 19:58:45.000","44827609","DB_1685PLYKCPURPLE-5XL","142901103","DSBYTOPS142901103","5XL","DB_1685PLYKCPURPLE","DressBerry","DressBerry Twisted Top","Tops","WP",,,"flipkartlogistics",,"59646",,,,,,,,,,,,"531.00","2599.00","2068.00","0.00","0.00","0.00","0.00","Faridabad","HR","121004","472"
"36841","59646","PPMP","'133778990466817688101","100264175740","11318910289","3bcb7e26-c183-4d27-84fb-393bb0879f72","5975341968","2026-08-05 12:02:13.000","36730581","1750YKPURPLE-L","117457012","YARYKASS117457012","L","1750YKPURPLE","YASH GALLERY","YASH GALLERY Women Floral Printed Regular Pure Cotton Kurta with Trousers & With Dupatta","Kurta Sets","PK","1000103002323",,"EK_E2E","MYEC1113875972","59646",,,"2026-08-05 12:51:02.000","2026-08-05 17:00:24.000",,,,,,,,"1117.00","4999.00","3882.00","0.00","0.00","0.00","0.00","Kondagaon","CT","494226","999"
"36841","59646","PPMP","'133778841329616852301","100264130063","11318864590","4f99ea18-1733-404b-bc99-3335f09c3be5","5975315466","2026-08-05 11:37:21.000","42025650","DB_1685YKPURPLE-M","134268688","DSBYTOPS134268688","M","DB_1685YKPURPLE","DressBerry","DressBerry Round Neck Twisted Top","Tops","SH","1000102990503",,"flipkartlogistics","MYSP1447167611","59646",,,"2026-08-05 12:43:44.000","2026-08-05 18:02:58.000","2026-08-06 00:14:59.000","2026-08-06 00:20:39.000",,,,,,"531.00","2599.00","2068.00","0.00","0.00","0.00","0.00","Mumbai","MH","400026","472"
"36841","81","SJIT","'133782751789942075803","100265311061","11320045886","8b09ca67-1f5c-4252-bc2a-4e2ced1d9111","5976040637","2026-08-05 22:29:07.000","13703536","46520137","46520137","YARYKRTA46520137","3XL","1293YKMAROON","YASH GALLERY","Yash Gallery Women Maroon & Black Ethnic Motifs Printed A-line Kurta","Kurtas","SH","1000103625409","1936090652","flipkartlogistics","MYSC1329272841","81",,,"2026-08-06 03:09:53.000",,"2026-08-06 04:09:46.000","2026-08-06 04:14:51.000",,,,,,"975.00","2399.00","1424.00","0.00","0.00","0.00","0.00","Hyderabad","TG","500009","881"
"36841","59646","PPMP","'133781849464783004903","100265010038","11319744858","7847e381-5ea9-4873-a6d6-786e90a57a86","5975856603","2026-08-05 19:58:43.000","37299731","PLAK-213BROWN-5XL","119276559","YARYCOORD119276559","5XL","PLAK-213BROWN","YASH GALLERY","YASH GALLERY Plus Size Abstract Printed Round Neck Georgette Kaftan Tunic And Palazzo","Co-Ords","WP",,,"flipkartlogistics",,"59646",,,,,,,,,,,,"901.00","3599.00","2698.00","0.00","0.00","0.00","0.00","Jaipur","RJ","302020","807"
"36841","59646","PPMP","'133781833562750702503","100265005093","11319739913","4063ed5f-6bb5-49b1-a44f-4e9a5d89275e","5975853460","2026-08-05 19:56:04.000","38054271","AK-219BLUE-5XL","121541073","YARYTOPS121541073","5XL","AK-219BLUE","YASH GALLERY","YASH GALLERY Striped Top","Tops","WP",,,"flipkartlogistics",,"59646",,,,,,,,,,,,"592.00","1999.00","1407.00","0.00","0.00","0.00","0.00","Guwahati","AS","781011","533"
"36841","59646","PPMP","'133777326320524545003","100263802163","11318536458","def7b88e-5536-49a6-9cf4-984ab95286dd","5975118705","2026-08-05 07:24:52.000","13001172","45233563","45233563","YARYKRTA45233563","XXL","146PLYK148AZKBLU","YASH GALLERY","YASH GALLERY Plus Size Women Off-White & Red Printed A-Line Kurta","Kurtas","SH","1000102455098",,"flipkartlogistics","MYSP1446973791","59646",,,"2026-08-05 09:27:20.000","2026-08-05 18:03:01.000","2026-08-06 01:55:56.000","2026-08-06 02:01:28.000",,,,,,"940.00","2499.00","1559.00","0.00","0.00","0.00","0.00","Hyderabad","TG","500047","846"
"36841","59646","PPMP","'133779247176509294303","100264253074","11318987624","3d069a65-ca35-4e7f-9322-4ed22d6d1ed9","5975388415","2026-08-05 12:45:01.000","37299731","PLAK-213BROWN-5XL","119276559","YARYCOORD119276559","5XL","PLAK-213BROWN","YASH GALLERY","YASH GALLERY Plus Size Abstract Printed Round Neck Georgette Kaftan Tunic And Palazzo","Co-Ords","PK","1000103056334",,"flipkartlogistics","MYSP1447192738","59646",,,"2026-08-05 13:23:42.000","2026-08-05 18:02:59.000",,,,,,,,"901.00","3599.00","2698.00","0.00","0.00","0.00","0.00","Noida","UP","201304","807"
"36841","59646","PPMP","'133779789914942915003","100264410755","11319145305","3c5b2524-f5b7-404d-88b4-c462c63c9465","5975485180","2026-08-05 14:15:27.000","26210968","1572PLYKBLUE-5XL","84713262","YARYKASS84713262","5XL","1572PLYKBLUE","YASH GALLERY","YASH GALLERY Women Blue Floral Printed Empire Pure Cotton Kurta with Trousers & With Dupatta","Kurta Sets","WP",,,"EK_E2E",,"59646",,,,,,,,,,,,"1401.00","6249.00","4848.00","0.00","0.00","0.00","0.00","Bangalore","KA","560082","1153"
"36841","59646","PPMP","'133777413110461806101","100263812059","11318546354","23aa6ad5-61ef-4c2b-9780-e1eb113e705d","5975124973","2026-08-05 07:39:20.000","23964962","1491PLYKMAROON-4XL","76642228","YARYDRSS76642228","4XL","1491PLYKMAROON","YASH GALLERY","YASH GALLERY Floral Printed Shirt Collar A-Line Dress","Dresses","PK","1000102453233",,"flipkartlogistics","MYSC1328924824","59646",,,"2026-08-05 09:26:35.000","2026-08-05 18:02:58.000",,,,,,,,"961.00","3799.00","2838.00","0.00","0.00","0.00","0.00","Gautam Buddha Nagar","UP","201304","867"
"36841","59646","PPMP","'133774985198180374103","100263642541","11318376835","42f29c75-353a-4664-bda5-3fefc13316d3","5975030535","2026-08-05 00:54:40.000","13003608","45239187","45239187","YARYKRTA45239187","XL","1253YKBLACK","YASH GALLERY","YASH GALLERY Women Black & Blue Printed Anarkali Kurta","Kurtas","PK","1000102467017",,"EK_E2E","MYEC1113795395","59646",,,"2026-08-05 09:31:13.000","2026-08-05 17:00:27.000",,,,,,,,"885.00","2999.00","2114.00","0.00","0.00","0.00","0.00","Ahmedabad","GJ","380058","791"
"36841","59646","PPMP","'133779189339267998901","100264235998","11318970548","ef748569-e68e-456a-ad1d-e1c906de1f79","5975378022","2026-08-05 12:35:21.000","37299719","AK-213BROWN-M","119276531","YARYCOORD119276531","M","AK-213BROWN","YASH GALLERY","YASH GALLERY Abstract Printed Round Neck Georgette Kaftan Tunic And Palazzo","Co-Ords","SH","1000102990686",,"flipkartlogistics","MYSP1447167385","59646",,,"2026-08-05 12:43:50.000","2026-08-05 18:02:59.000","2026-08-06 01:54:57.000","2026-08-06 02:01:00.000",,,,,,"740.00","3599.00","2859.00","0.00","0.00","0.00","0.00","Darbhanga","BR","846004","681"
"36841","59646","PPMP","'133779532687814610203","100264337551","11319072101","2db20075-5b53-4383-8302-9ac2fd7fd3b6","5975439238","2026-08-05 13:32:35.000","11008058","37958522","37958522","YARYTOPS37958522","L","206YK324MUSTARD","YASH GALLERY","YASH GALLERY Women Opaque Striped Casual Shirt","Shirts","WP",,,"EK_E2E",,"59646",,,,,,,,,,,,"558.00","1199.00","641.00","140.00","0.00","0.00","0.00","Gaya","BR","823003","499"
"36841","59646","PPMP","'133782306557377494803","100265153871","11319888694","89a1e84b-0f46-4115-a568-de1ed9033b56","5975946071","2026-08-05 21:14:54.000","11543214","1127YKMAROON-XS","102501981","YARYKASS102501981","XS","1127YKMAROON","YASH GALLERY","YASH GALLERY Women Maroon & Black Solid Fusion Kurta with Kalamkari Palazzos","Kurta Sets","WP",,,"flipkartlogistics",,"59646",,,,,,,,,,,,"1044.00","4999.00","3955.00","0.00","0.00","0.00","0.00","Pune","MH","411045","926"
"36841","59646","PPMP","'133779601367001849503","100264356900","11319091450","ae978cbd-53f7-417d-8381-91d3e661470a","5975451255","2026-08-05 13:44:02.000","38055869","1946PLYKGREEN-XXL","121546012","YARYKASS121546012","XXL","1946PLYKGREEN","YASH GALLERY","YASH GALLERY Women Printed Regular Pure Cotton Kurta with Trousers","Kurta Sets","WP",,,"flipkartlogistics",,"59646",,,,,,,,,,,,"1096.00","4999.00","3903.00","0.00","0.00","0.00","0.00","Noida","UP","201301","978"
"36841","59646","PPMP","'133778454500544906201","100264018880","11318753355","b7a53b24-e2c8-4615-a0f6-d6c5ec85f072","5975250515","2026-08-05 10:32:54.000","17012842","1407PLYKMULTI-3XL","52746118","YARYKRTI52746118","3XL","1407PLYKMULTI","YASH GALLERY","YASH GALLERY Women Navy Blue & Multicoloured Floral Printed Gotta Patti Floral Anarkali Kurta","Kurtas","PK","1000103006912",,"flipkartlogistics","MYSC1329070358","59646",,,"2026-08-05 12:53:58.000","2026-08-05 18:02:59.000",,,,,,,,"1067.00","3999.00","2932.00","0.00","0.00","0.00","0.00","New Delhi","DL","110075","973"
"36841","59646","PPMP","'133779840439572943601","100264424967","11319159517","73a55e26-4228-4352-bd00-6aa637a12330","5975494140","2026-08-05 14:23:52.000","37644404","192PLYKN251GREEN-8XL","120364644","YARYKRTA120364644","8XL","192PLYKN251GREEN","YASH GALLERY","YASH GALLERY Women Ethnic Motifs Printed Indie Prints Anarkali Kurta","Kurtas","WP",,,"flipkartlogistics",,"59646",,,,,,,,,,,,"868.00","3749.00","2881.00","0.00","0.00","0.00","0.00","Hamirpur","UP","210431","774"
"36841","59646","PPMP","'133783068392063830903","100265430538","11320165364","0113cf3f-ebd4-49e6-a14f-7210b6978e35","5976108990","2026-08-05 23:21:52.000","15000772","1336YKBLACK-XXL","49235312","YARYTOPS49235312","XXL","1336YKBLACK-XXL","YASH GALLERY","YASH GALLERY Black & Mustard Yellow Embroidered Top With Applique","Tops","F",,,"flipkartlogistics",,"59646","41","Incorrect size ordered",,,,,,"2026-08-05 23:25:08.000",,,,"641.00","2699.00","2058.00","0.00","0.00","0.00","0.00","Pathankot","PB","145001","582"
"36841","59646","PPMP","'133779249878034003501","100264253899","11318988449","ea186c4f-e5c5-4e08-8ccc-1089e1a646ba","5975388911","2026-08-05 12:45:28.000","43707768","1959YKBLACK-L","139382512","YARYCOORD139382512","L","1959YKBLACK","YASH GALLERY","YASH GALLERY Embroidered Top with Trousers","Co-Ords","SH","1000103056393",,"flipkartlogistics","MYSC1329083736","59646",,,"2026-08-05 13:23:45.000","2026-08-05 18:03:03.000","2026-08-06 00:16:45.000","2026-08-06 00:21:38.000",,,,,,"931.00","2999.00","2068.00","0.00","0.00","0.00","0.00","Pune","MH","411017","837"
"36841","59646","PPMP","'133775122814633759303","100263668823","11318403118","250822b4-34e3-4cbd-ae30-2064eb3c03ec","5975044277","2026-08-05 01:17:36.000","43562243","DB_7115YKBLUE","139030457","DSBYTOPS139030457","Onesize","DB_7115YKBLUE","DressBerry","DressBerry Print Halter Neck Ethnic Crop Top","Tops","PK","1000102415627",,"flipkartlogistics","MYSC1328915424","59646",,,"2026-08-05 09:13:10.000","2026-08-05 18:02:59.000",,,,,,,,"279.00","1999.00","1720.00","0.00","0.00","0.00","0.00","Ghaziabad","UP","201002","244"
"36841","59646","PPMP","'133774736161960983903","100263575179","11318309472","a2928aca-2b95-4822-b603-830afe23a92c","5974993503","2026-08-05 00:13:10.000","41832456","7120YKBLUE-F","133706146","YARYTOPS133706146","Onesize","7120YKBLUE","YASH GALLERY","YASH GALLERY Checked Halter Neck Cotton Crop Top","Tops","SH","1000102417209",,"flipkartlogistics","MYSP1446961746","59646",,,"2026-08-05 09:13:53.000","2026-08-05 18:03:05.000","2026-08-06 01:10:31.000","2026-08-06 01:16:31.000",,,,,,"374.00","1999.00","1625.00","113.00","0.00","0.00","0.00","Mumbai","MH","400011","339"
"36841","59646","PPMP","'133779075689499032701","100264201543","11318936093","371e260f-6620-4369-a1c1-d9e6f1a9a804","5975357436","2026-08-05 12:16:25.000","31228609","1683YKBLUE-XXL","100672681","YARYKASS100672681","XXL","1683YKBLUE","YASH GALLERY","YASH GALLERY Striped Mandarin Collar Short Sleeves Regular A-Line Kurta With Palazzo","Kurta Sets","PK","1000103001289",,"EK_E2E","MYEP1130461245","59646",,,"2026-08-05 12:50:23.000","2026-08-05 17:00:32.000",,,,,,,,"1102.00","4999.00","3897.00","28.00","0.00","0.00","0.00","Tiruvalla","KL","689582","984"
"36841","59646","PPMP","'133778291665113358403","100263975746","11318710198","d26c3ed1-a54e-443a-8f75-96867f00f0fb","5975225566","2026-08-05 10:05:45.000","37299573","AK-226INDIGO-5XL","119276209","YARYTOPS119276209","5XL","AK-226INDIGO","YASH GALLERY","YASH GALLERY Women Print Flared Sleeve Ruffles Cotton Empire Top","Tops","SH","1000102990240",,"flipkartlogistics","MYSC1329065506","59646",,,"2026-08-05 12:43:34.000","2026-08-05 18:03:05.000","2026-08-06 02:05:40.000","2026-08-06 02:10:38.000",,,,,,"651.00","1399.00","748.00","0.00","0.00","0.00","0.00","Ahmedabad","GJ","380007","592"
"36841","59646","PPMP","'133780455879570829301","100264604933","11319339636","32870d3b-955a-4c70-b873-fd6aff08d0fc","5975604719","2026-08-05 16:06:27.000","37366048","1955YKTEAL-XL","119475888","YARYKRTA119475888","XL","1955YKTEAL","YASH GALLERY","YASH GALLERY Floral Printed Mandarin Collar Anarkali Kurta","Kurtas","WP",,,"flipkartlogistics",,"59646",,,,,,,,,,,,"940.00","2999.00","2059.00","0.00","0.00","0.00","0.00","Kolkata","WB","700028","846"
"36841","59646","PPMP","'133783043514462779301","100265421656","11320156482","24fcf211-e187-4f19-9ae2-01ee9c11f633","5976104055","2026-08-05 23:17:44.000","43562238","DB_4018DRSBLUE-XS","139030444","DSBYTOPS139030444","XS","DB_4018DRSBLUE","DressBerry","DressBerry Print Halter Neck Ethnic Cotton Top","Tops","WP",,,"EK_E2E",,"59646",,,,,,,,,,,,"401.00","1999.00","1598.00","0.00","0.00","0.00","0.00","Gandhinagar","GJ","382422","366"
"36841","59646","PPMP","'133774831162502879603","100263603990","11318338284","2cb84123-f24d-41a4-a063-8b8707a0d420","5975009629","2026-08-05 00:29:00.000","13671638","46456430","46456430","YARYKRTA46456430","4XL","1255PLYKMAROON","YASH GALLERY","YASH GALLERY Women Plus Size Burgundy  Golden Printed Anarkali Kurta","Kurtas","SH","1000102470086",,"flipkartlogistics","MYSC1328929030","59646",,,"2026-08-05 09:32:13.000","2026-08-05 18:03:02.000","2026-08-06 00:38:16.000","2026-08-06 00:43:46.000",,,,,,"936.00","2999.00","2063.00","0.00","0.00","0.00","0.00","Chennai","TN","600062","842"
"36841","59646","PPMP","'133783267757319716103","100265500237","11320235064","862b96c6-5522-4f4e-8f6b-93667c391c44","5976147824","2026-08-05 23:55:06.000","42025670","DB_1844YKMULTI-M","134268777","DSBYTOPS134268777","M","DB_1844YKMULTI","DressBerry","DressBerry Floral Print Top","Tops","WP",,,"flipkartlogistics",,"59646",,,,,,,,,,,,"293.00","2599.00","2306.00","0.00","0.00","0.00","0.00","Ranchi","JH","834004","258"
"36841","59646","PPMP","'133778128094471917303","100263936803","11318671162","71cb5486-d5a3-473d-9d6d-16a9502b0609","5975202395","2026-08-05 09:38:29.000","13994592","47061604","47061604","YARYKRTI47061604","4XL","1316PLYKGREEN","YASH GALLERY","YASH GALLERY Plus Size Green & Off White Floral Print Bell Sleeves Kurti","Kurtis","SH","1000102990777",,"flipkartlogistics","MYSC1329065769","59646",,,"2026-08-05 12:43:53.000","2026-08-05 18:03:05.000","2026-08-06 00:16:57.000","2026-08-06 00:21:39.000",,,,,,"655.00","2999.00","2344.00","0.00","0.00","0.00","0.00","Jaipur","RJ","302020","596"
"36841","59646","PPMP","'133779051373174049903","100264194333","11318928883","1edbe1f3-7b74-4463-96c8-ba256fa7d962","5975353024","2026-08-05 12:12:22.000","37371490","6017SKDRED-L","119482373","YARYKASS119482373","L","6017SKDRED","YASH GALLERY","YASH GALLERY Women Rayon Kurta Set with Rubber Print Dupatta Set","Kurta Sets","PK","1000103001964",,"EK_E2E","MYEC1113875988","59646",,,"2026-08-05 12:50:48.000","2026-08-05 17:00:32.000",,,,,,,,"1136.00","4999.00","3863.00","0.00","0.00","0.00","0.00","Madhubani","BR","847229","1018"
"36841","59646","PPMP","'133781552656103611003","100264920040","11319654858","0870b427-4e71-45c8-87e4-d2c57f8bd990","5975799798","2026-08-05 19:09:14.000","30589857","1323PLYKNTEAL-6XL","98367894","YARYKRTA98367894","6XL","1323PLYKNTEAL","YASH GALLERY","YASH GALLERY Women Floral Printed Flared Sleeves Mirror Work Anarkali Kurta","Kurtas","F",,,"Shadowfax",,"59646","79","Duplicate Order",,,,,,"2026-08-05 19:10:24.000",,,,"997.00","2199.00","1202.00","0.00","0.00","0.00","0.00","Trichy","TN","621206","903"
"36841","59646","PPMP","'133777597322635866601","100263836912","11318571207","ea0fa1ec-61a1-492f-947c-a3120cb0e65e","5975141044","2026-08-05 08:10:02.000","40409019","1979PLYKBLACK-3XL","129282849","YARYTOPS129282849","3XL","1979PLYKBLACK","YASH GALLERY","YASH GALLERY Floral Embroidered Cotton Top","Tops","PK","1000102418494",,"EK_E2E","MYEP1130364745","59646",,,"2026-08-05 09:14:17.000","2026-08-05 17:00:25.000",,,,,,,,"596.00","2599.00","2003.00","0.00","0.00","0.00","0.00","Tirurangadi","KL","676303","537"
"36841","59646","PPMP","'133782364569894671203","100265172662","11319907485","7f62f815-9f42-48eb-9128-daa1b9d18a5e","5975957737","2026-08-05 21:24:34.000","35427794","1343PLYKNBLUE-8XL","113501489","YARYKRTA113501489","8XL","1343PLYKNBLUE","YASH GALLERY","YASH GALLERY Women Blue Kurtas","Kurtas","WP",,,"EK_E2E",,"59646",,,,,,,,,,,,"961.00","3899.00","2938.00","0.00","0.00","0.00","0.00","Farrukhabad","UP","209625","867"
"36841","59646","PPMP","'133782655898663028903","100265274622","11320009445","01445fb4-b03c-4942-9647-393811d857c8","5976019100","2026-08-05 22:13:07.000","12649038","44174194","44174194","YARYTRSR44174194","28","5019YKDENIM","YASH GALLERY","YASH GALLERY Women Blue Solid Cropped Denim Trousers","Trousers","WP",,,"EK_E2E",,"59646",,,,,,,,,,,,"696.00","3999.00","3303.00","174.00","0.00","0.00","0.00","Abohar","PB","152116","637"
"36841","59646","PPMP","'133777779810213628801","100263868410","11318602705","6f6ed037-27f2-4cca-8185-af9fb400b917","5975160156","2026-08-05 08:40:27.000","30874413","1127PLYKMAROON-5XL","99384789","YARYKASS99384789","5XL","1127PLYKMAROON","YASH GALLERY","YASH GALLERY Mandarin Collar A-Line Kurta with Trousers","Kurta Sets","SH","1000102451306",,"flipkartlogistics","MYSC1328924185","59646",,,"2026-08-05 09:25:54.000","2026-08-05 18:02:59.000","2026-08-06 00:09:27.000","2026-08-06 00:15:32.000",,,,,,"1046.00","4999.00","3953.00","0.00","0.00","0.00","0.00","Chennai","TN","600042","928"
"36841","59646","PPMP","'133778281662036811601","100263973345","11318707794","3a3fd416-0ce0-4457-b7f1-361944a59de0","5975224149","2026-08-05 10:04:05.000","13001104","45233429","45233429","YARYKRTA45233429","4XL","1003PLYKMUSTARD","YASH GALLERY","YASH GALLERY Plus Size Women Mustard Yellow & Orange Printed Anarkali Kurta","Kurtas","SH","1000103013445",,"flipkartlogistics","MYSC1329072437","59646",,,"2026-08-05 12:57:49.000","2026-08-05 18:03:01.000","2026-08-06 01:46:53.000","2026-08-06 01:53:07.000",,,,,,"891.00","2999.00","2108.00","33.00","0.00","0.00","0.00","Hyderabad","TG","500070","797"
"36841","59646","PPMP","'133783174346742495003","100265468702","11320203529","8b7a14af-1a2d-4b13-b5d2-49d9a2ce878b","5976130552","2026-08-05 23:39:32.000","43562239","DB_4010DRSMULTI-L","139030452","DSBYTOPS139030452","L","DB_4010DRSMULTI","DressBerry","DressBerry Print Halter Neck Ethnic Cotton Top","Tops","WP",,,"EK_E2E",,"59646",,,,,,,,,,,,"354.00","1999.00","1645.00","0.00","0.00","0.00","0.00","Chitradurga","KA","577501","319"
"36841","59646","PPMP","'133781555861498476401","100264920945","11319655763","54789bee-aa40-4049-bb4b-634c2408da67","5975800393","2026-08-05 19:09:47.000","40409018","1979YKBLACK-L","129282846","YARYTOPS129282846","L","1979YKBLACK","YASH GALLERY","YASH GALLERY Floral Embroidered Cotton Top","Tops","WP",,,"flipkartlogistics",,"59646",,,,,,,,,,,,"581.00","2599.00","2018.00","0.00","0.00","0.00","0.00","Mumbai","MH","400024","522"
"36841","59646","PPMP","'133775936971003830803","100263740440","11318474735","10b6ff01-68e9-4b03-a8f8-a1237fec72f4","5975082232","2026-08-05 03:33:19.000","36193698","1911PLYKNMULTI-7XL","115657157","YARYKRTA115657157","7XL","1911PLYKNMULTI","YASH GALLERY","YASH GALLERY Women Floral Printed Sequinned Anarkali Kurta","Kurtas","SH","1000102460486",,"flipkartlogistics","MYSP1446976236","59646",,,"2026-08-05 09:29:05.000","2026-08-05 18:03:03.000","2026-08-06 01:45:04.000","2026-08-06 01:51:40.000",,,,,,"953.00","2399.00","1446.00","0.00","0.00","0.00","0.00","Hyderabad","TG","502032","859"
"36841","36","SJIT","'133782230596481322403","100265129476","11319864299","a322fe74-1736-4c45-8dbe-bddcb40cce95","5975930767","2026-08-05 21:02:14.000","24336840","1507PLYKPINK-3XL","78062386","YARYKRTI78062386","3XL","1507PLYKPINK","YASH GALLERY","YASH GALLERY Plus Size Printed Anarkali Kurta","Kurtas","SH","1000103551413","1935984521","flipkartlogistics","MYSC1329243954","36",,,"2026-08-06 01:08:20.000",,"2026-08-06 01:17:07.000","2026-08-06 01:23:55.000",,,,,,"903.00","4299.00","3396.00","0.00","0.00","0.00","0.00","Kotma","MP","484334","809"
"36841","59646","PPMP","'133779686179559078501","100264381591","11319116141","09eaf39f-2fb1-499e-bbd8-7f89c49402e5","5975466881","2026-08-05 13:58:11.000","43959286","1977PLYKNMUSTARD-5XL","139971052","YARYKASS139971052","5XL","1977PLYKNMUSTARD","YASH GALLERY","YASH GALLERY Women Ethnic Motifs Printed Regular Pure Cotton Kurta with Palazzos","Kurta Sets","WP",,,"flipkartlogistics",,"59646",,,,,,,,,,,,"1281.00","4999.00","3718.00","0.00","0.00","0.00","0.00","Lucknow","UP","226010","1033"
"36841","59646","PPMP","'133775936971003830803","100263740445","11318474740","10b6ff01-68e9-4b03-a8f8-a1237fec72f4","5975082232","2026-08-05 03:33:19.000","31270070","1507PLYKNPINK-7XL","100810564","YARYKRTA100810564","7XL","1507PLYKNPINK","YASH GALLERY","YASH GALLERY Plus Size Geometric Printed Three-Quarter Sleeves Shirt Collar Anarkali Kurta","Kurtas","SH","1000102460486",,"flipkartlogistics","MYSP1446976236","59646",,,"2026-08-05 09:29:05.000","2026-08-05 18:03:03.000","2026-08-06 01:45:04.000","2026-08-06 01:51:40.000",,,,,,"944.00","3999.00","3055.00","0.00","0.00","0.00","0.00","Hyderabad","TG","502032","850"
"36841","59646","PPMP","'133779232458933548701","100264248735","11318983285","e5bbf345-9844-4bad-91df-84c202082d0f","5975385770","2026-08-05 12:42:33.000","37371474","1937PLYKPURPLE-4XL","119482307","YARYKASS119482307","4XL","1937PLYKPURPLE","YASH GALLERY","YASH GALLERY Women Geometric Printed Cotton A-Line Kurta with Trousers","Kurta Sets","PK","1000102999454",,"flipkartlogistics","MYSC1329068424","59646",,,"2026-08-05 12:49:10.000","2026-08-05 18:03:05.000",,,,,,,,"1107.00","4999.00","3892.00","0.00","0.00","0.00","0.00","New Delhi","DL","110052","989"
"36841","59646","PPMP","'133775936971003830803","100263740443","11318474738","10b6ff01-68e9-4b03-a8f8-a1237fec72f4","5975082232","2026-08-05 03:33:19.000","31380228","1096PLYKNBLUE-8XL","101184489","YARYKRTA101184489","8XL","1096PLYKNBLUE","YASH GALLERY","YASH GALLERY Ethnic Motifs Printed Round Neck Regular Thread Work Pure Cotton Kurta","Kurtas","SH","1000102460486",,"flipkartlogistics","MYSP1446976236","59646",,,"2026-08-05 09:29:05.000","2026-08-05 18:03:03.000","2026-08-06 01:45:04.000","2026-08-06 01:51:40.000",,,,,,"1024.00","3499.00","2475.00","0.00","0.00","0.00","0.00","Hyderabad","TG","502032","930"
"36841","59646","PPMP","'133781221131256975001","100264824041","11319558858","8b732b73-deb9-4352-a39b-e7000df682bf","5975739256","2026-08-05 18:14:00.000","40409019","1979PLYKBLACK-4XL","129282850","YARYTOPS129282850","4XL","1979PLYKBLACK","YASH GALLERY","YASH GALLERY Floral Embroidered Cotton Top","Tops","WP",,,"flipkartlogistics",,"59646",,,,,,,,,,,,"615.00","2599.00","1984.00","0.00","0.00","0.00","0.00","Noida","UP","201309","556"
"36841","59646","PPMP","'133774956355033736801","100263636143","11318370437","3d6efb4d-a781-41dd-bf89-726b4ca9e270","5975027168","2026-08-05 00:49:52.000","33002575","1817PLYKPURPLE-XXL","106413494","YARYKASS106413494","XXL","1817PLYKPURPLE","YASH GALLERY","YASH GALLERY Women Floral Printed Regular Pure Cotton Kurta with Trousers","Kurta Sets","SH","1000102469255",,"EK_E2E","MYEP1130372803","59646",,,"2026-08-05 09:31:56.000","2026-08-05 17:00:29.000","2026-08-05 23:54:16.000","2026-08-05 23:59:53.000",,,,,,"1096.00","4999.00","3903.00","0.00","0.00","0.00","0.00","Chirala","AP","523165","978"
"36841","59646","PPMP","'133777330972588726001","100263802634","11318536929","77b5c031-9c12-4e2b-a3ad-f7e263d1e041","5975119020","2026-08-05 07:25:38.000","23964962","1491PLYKMAROON-4XL","76642228","YARYDRSS76642228","4XL","1491PLYKMAROON","YASH GALLERY","YASH GALLERY Floral Printed Shirt Collar A-Line Dress","Dresses","SH","1000102454013",,"flipkartlogistics","MYSC1328924552","59646",,,"2026-08-05 09:26:54.000","2026-08-05 18:03:05.000","2026-08-06 00:11:05.000","2026-08-06 00:18:06.000",,,,,,"961.00","3799.00","2838.00","0.00","0.00","0.00","0.00","Pune","MH","411030","867"
"36841","59646","PPMP","'133780605129620830103","100264648107","11319382834","66c5aca3-84d6-40ea-a05b-25e794661018","5975631690","2026-08-05 16:31:19.000","31945156","275PLYKN146MULTI-6XL","102852498","YARYKRTA102852498","6XL","275PLYKN146MULTI","YASH GALLERY","YASH GALLERY Mandarin Collar Floral Printed Anarkali Cotton Kurta","Kurtas","WP",,,"EK_E2E",,"59646",,,,,,,,,,,,"966.00","2399.00","1433.00","0.00","0.00","0.00","0.00","Tanuku","AP","534211","872"
"36841","36","SJIT","'133778781110242716603","100264112109","11318846631","d90939d7-7de6-4646-bf0a-cb95b74bb8ea","5975304813","2026-08-05 11:27:19.000","13671664","46456483","46456483","YARYKRTA46456483","4XL","1224PLYKPINK","YASH GALLERY","YASH GALLERY Women Plus Size Pink & White Ethnic Motifs Printed Angrakha Anarkali Kurta","Kurtas","SH","1000102925357","1935629460","flipkartlogistics","MYSP1447143678","36",,,"2026-08-05 12:07:24.000",,"2026-08-05 12:13:08.000","2026-08-05 12:18:31.000",,,,,,"897.00","2399.00","1502.00","300.00","0.00","0.00","0.00","Kothagudem","TG","507101","803"
"36841","59646","PPMP","'133780547824001604201","100264631495","11319366213","0aec48b5-d6a2-4c8e-8ccc-722cc88d6a11","5975621440","2026-08-05 16:21:46.000","38316380","4031DRSBLUE-S","122315851","YARYDRSS122315851","S","4031DRSBLUE","YASH GALLERY","YASH GALLERY Print A-Line Midi Dress","Dresses","WP",,,"flipkartlogistics",,"59646",,,,,,,,,,,,"681.00","2899.00","2218.00","0.00","0.00","0.00","0.00","Vadodara","GJ","390007","622"
"36841","59646","PPMP","'133779075689499032701","100264201546","11318936096","371e260f-6620-4369-a1c1-d9e6f1a9a804","5975357436","2026-08-05 12:16:26.000","43959286","1977PLYKNMUSTARD-XXL","139971046","YARYKASS139971046","XXL","1977PLYKNMUSTARD","YASH GALLERY","YASH GALLERY Women Ethnic Motifs Printed Regular Pure Cotton Kurta with Palazzos","Kurta Sets","PK","1000103001289",,"EK_E2E","MYEP1130461245","59646",,,"2026-08-05 12:50:23.000","2026-08-05 17:00:32.000",,,,,,,,"1281.00","4999.00","3718.00","0.00","0.00","0.00","0.00","Tiruvalla","KL","689582","1033"
"36841","59646","PPMP","'133783258179493810803","100265496954","11320231781","61d32fd1-08e2-4079-ba8a-e711dba3f347","5976146124","2026-08-05 23:53:31.000","30817042","112962821","112962821","YARYKRTI112962821","XS","1556YKCGREEN","YASH GALLERY","YASH GALLERY Floral Printed Empire Kurti","Kurtis","WP",,,"flipkartlogistics",,"59646",,,,,,,,,,,,"571.00","2299.00","1728.00","0.00","0.00","0.00","0.00","Mumbai","MH","400013","512"
"36841","59646","PPMP","'133779525816942972401","100264335606","11319070157","f588e3b6-4808-47e7-ab6a-b9e3ca4715c9","5975438015","2026-08-05 13:31:26.000","22708078","1471PLYKWHITE-3XL","72105264","YARYDRSS72105264","3XL","1471PLYKWHITE","YASH GALLERY","YASH GALLERY Floral Printed Asymmetrical Hem Fit And Flare Dress","Dresses","WP",,,"flipkartlogistics",,"59646",,,,,,,,,,,,"461.00","4199.00","3738.00","0.00","0.00","0.00","0.00","Rajkot","GJ","360001","426"
"36841","59646","PPMP","'133782587944283367501","100265250089","11319984912","c5cd3414-ef19-4c58-92fb-51df2157ac42","5976004492","2026-08-05 22:01:47.000","44246125","4043DRSMULTI-M","140952494","YARYDRSS140952494","M","4043DRSMULTI","YASH GALLERY","YASH GALLERY Print A-Line Midi Dress","Dresses","WP",,,"Shadowfax",,"59646",,,,,,,,,,,,"661.00","2899.00","2238.00","0.00","0.00","0.00","0.00","Pune","MH","411068","602"
"36841","59646","PPMP","'133781904229045120203","100265027366","11319762186","25ba776b-3981-402d-85f5-c44020609156","5975867440","2026-08-05 20:07:50.000","39995336","6027SKDBLACK-XL","127841596","YARYKASS127841596","XL","6027SKDBLACK","YASH GALLERY","YASH GALLERY Women Floral Printed Regular Pure Cotton Kurta with Palazzos & With Dupatta","Kurta Sets","WP",,,"EK_E2E",,"59646",,,,,,,,,,,,"1362.00","4299.00","2937.00","0.00","0.00","0.00","0.00","Draksharamam","AP","533262","1114"
"36841","59646","PPMP","'133777039126802629901","100263777976","11318512271","0bbd8e60-4c34-47b9-824f-a0826f620957","5975103388","2026-08-05 06:37:00.000","30817042","1556YKCGREEN-L","99185397","YARYKRTI99185397","L","1556YKCGREEN","YASH GALLERY","YASH GALLERY Floral Printed Empire Kurti","Kurtis","SH","1000102420769",,"EK_E2E","MYEC1113788302","59646",,,"2026-08-05 09:14:57.000","2026-08-05 17:00:24.000","2026-08-05 23:42:21.000","2026-08-05 23:49:10.000",,,,,,"571.00","2299.00","1728.00","0.00","0.00","0.00","0.00","Krishnagiri","TN","635207","512"
"36841","59646","PPMP","'133783116308444223601","100265448100","11320182928","89351444-d99d-40f9-95a9-1bf20cdc872a","5976119014","2026-08-05 23:29:51.000","37299182","AK-215BOTTELGREEN-3XL","119274998","YARYKRTA119274998","3XL","AK-215BOTTELGREEN","YASH GALLERY","YASH GALLERY Women Ethnic Motifs Printed Rayon Kurta","Kurtas","WP",,,"flipkartlogistics",,"59646",,,,,,,,,,,,"825.00","3299.00","2474.00","0.00","0.00","0.00","0.00","Bhopal","MP","462010","731"
"36841","59646","PPMP","'133779200350292032203","100264239194","11318973744","9772b269-003c-4410-b8ae-cd2ca0d8c86b","5975379992","2026-08-05 12:37:11.000","24285850","1536PLYKBLACK-5XL","77861854","YARYKRTA77861854","5XL","1536PLYKBLACK","YASH GALLERY","YASH GALLERY Plus Size Floral Embroidered Bell Sleeves Thread Work Angrakha A-Line Kurta","Kurtas","PK","1000102999725",,"EK_E2E","MYEP1130461115","59646",,,"2026-08-05 12:49:22.000","2026-08-05 17:00:32.000",,,,,,,,"724.00","4539.00","3815.00","0.00","0.00","0.00","0.00","Munger","BR","811201","665"
"36841","59646","PPMP","'133774979855229402403","100263641330","11318375624","8ae01c4f-9001-4253-8e20-acf45678f926","5975029905","2026-08-05 00:53:48.000","33095694","1202PLYKNBLUE-6XL","106740533","YARYNTST106740533","6XL","1202PLYKNBLUE","YASH GALLERY","YASH GALLERY Women Printed Night suit","Night suits","PK","1000102418142",,"flipkartlogistics","MYSC1328915094","59646",,,"2026-08-05 09:14:11.000","2026-08-05 18:03:00.000",,,,,,,,"984.00","2199.00","1215.00","0.00","0.00","0.00","0.00","Gurgaon","HR","122017","890"
"36841","59646","PPMP","'133782357804506666201","100265170360","11319905183","0521ff65-3def-4dd3-a37d-deb35dedb0be","5975956323","2026-08-05 21:23:26.000","40409018","1979YKBLACK-XL","129282847","YARYTOPS129282847","XL","1979YKBLACK","YASH GALLERY","YASH GALLERY Floral Embroidered Cotton Top","Tops","WP",,,"flipkartlogistics",,"59646",,,,,,,,,,,,"581.00","2599.00","2018.00","0.00","0.00","0.00","0.00","Bengaluru","KA","560062","522"
"36841","59646","PPMP","'133782698328570002403","100265290498","11320025323","1a282296-708b-4fd7-a0d6-2854aed91719","5976028571","2026-08-05 22:20:13.000","13001120","45233460","45233460","YARYKRTA45233460","3XL","224PLYK148BNDJ","YASH GALLERY","YASH GALLERY Women Plus Size Red & Beige Bandhani Print Anarkali Kurta","Kurtas","WP",,,"EK_E2E",,"59646",,,,,,,,,,,,"981.00","1999.00","1018.00","0.00","0.00","0.00","0.00","Bokaro","JH","827006","887"
"36841","59646","PPMP","'133780788479416454201","100264700643","11319435400","f11811fd-421f-4815-aa6b-f22b82ff4b7d","5975664042","2026-08-05 17:01:53.000","13001180","45233581","45233581","YARYKRTA45233581","4XL","165PLYK251MUSTRAD","YASH GALLERY","YASH GALLERY Women Plus Size Mustard Yellow Yoke Design Angrakha Anarkali Kurta","Kurtas","WP",,,"EK_E2E",,"59646",,,,,,,,,,,,"820.00","3749.00","2929.00","0.00","0.00","0.00","0.00","Khajuraho","MP","471606","726"
"36841","59646","PPMP","'133774693391347147803","100263560690","11318294983","4ceeec44-d893-48a2-9f93-99c2ffafb204","5974984970","2026-08-05 00:06:03.000","37299139","7077YKMEHROON-5XL","136188175","YARYSRBL136188175","5XL","7077YKMEHROON","YASH GALLERY","YASH GALLERYE Printed Cotton Round Neck & Short Sleeves Saree Blouse","Saree Blouse","SH","1000102417538",,"flipkartlogistics","MYSC1328914868","59646",,,"2026-08-05 09:14:02.000","2026-08-05 18:03:05.000","2026-08-06 01:49:51.000","2026-08-06 01:56:32.000",,,,,,"621.00","2699.00","2078.00","63.00","0.00","0.00","0.00","Kolkata","WB","700016","562"
"36841","59646","PPMP","'133780975189732941103","100264753035","11319487825","9349ffb4-160d-435b-a2ac-678c011e3d96","5975695879","2026-08-05 17:33:01.000","40409019","1979PLYKBLACK-3XL","129282849","YARYTOPS129282849","3XL","1979PLYKBLACK","YASH GALLERY","YASH GALLERY Floral Embroidered Cotton Top","Tops","WP",,,"flipkartlogistics",,"59646",,,,,,,,,,,,"615.00","2599.00","1984.00","0.00","0.00","0.00","0.00","Ahmedabad","GJ","380015","556"
"36841","81","SJIT","'133777670438465763303","100263848946","11318583241","8935e183-9709-420d-8edf-d3edb96ea754","5975148407","2026-08-05 08:22:12.000","36378576","1569PLYKNBLUE-8XL","116220034","YARYKRTA116220034","8XL","1569PLYKNBLUE","YASH GALLERY","YASH GALLERY Women Blue Viscose Rayon Anarkali Kurtas","Kurtas","SH","1000102788702","1935561584","flipkartlogistics","MYSP1447093028","81",,,"2026-08-05 11:11:31.000",,"2026-08-05 11:21:02.000","2026-08-05 11:27:06.000",,,,,,"649.00","4999.00","4350.00","0.00","0.00","0.00","0.00","Karaikal","PY","609602","590"
"36841","59646","PPMP","'133775936971003830803","100263740439","11318474734","10b6ff01-68e9-4b03-a8f8-a1237fec72f4","5975082232","2026-08-05 03:33:19.000","31179978","1287PLYKNBROWN-7XL","100490391","YARYKRTA100490391","7XL","1287PLYKNBROWN","YASH GALLERY","YASH GALLERY Abstract Printed Round Neck Three-Quarter Sleeves Regular Kurta","Kurtas","SH","1000102460486",,"flipkartlogistics","MYSP1446976236","59646",,,"2026-08-05 09:29:05.000","2026-08-05 18:03:03.000","2026-08-06 01:45:04.000","2026-08-06 01:51:40.000",,,,,,"978.00","2499.00","1521.00","0.00","0.00","0.00","0.00","Hyderabad","TG","502032","884"
"36841","59646","PPMP","'133779136213128592503","100264219591","11318954141","f16b0666-9e6e-4b7b-ae50-14113805feee","5975368332","2026-08-05 12:26:31.000","44246125","4043DRSMULTI-S","140952493","YARYDRSS140952493","S","4043DRSMULTI","YASH GALLERY","YASH GALLERY Print A-Line Midi Dress","Dresses","SH","1000103000406",,"flipkartlogistics","MYSC1329069047","59646",,,"2026-08-05 12:49:50.000","2026-08-05 18:03:05.000","2026-08-06 00:30:54.000","2026-08-06 00:36:52.000",,,,,,"661.00","2899.00","2238.00","0.00","0.00","0.00","0.00","Panchkula","HR","134109","602"
"36841","59646","PPMP","'133780857886546510703","100264720395","11319455168","68113fd3-9faa-4bf5-bb07-068ae2c63056","5975675758","2026-08-05 17:13:27.000","36193701","1517YKBLACK-L","115657163","YARYKRTA115657163","L","1517YKBLACK","YASH GALLERY","YASH GALLERY Round Neck Anarkali Kurta","Kurtas","WP",,,"flipkartlogistics",,"59646",,,,,,,,,,,,"661.00","3949.00","3288.00","0.00","0.00","0.00","0.00","New Delhi","DL","110059","602"
"36841","59646","PPMP","'133783158270220175903","100265462859","11320197686","a4d397a4-e539-4849-b456-1dffb373d69e","5976127382","2026-08-05 23:36:51.000","42025945","DB_1535YKMULTI-XL","134269745","DSBYDRSS134269745","XL","DB_1535YKMULTI","DressBerry","DressBerry Ethnic Motifs Print Fit & Flare Midi Dress","Dresses","WP",,,"EK_E2E",,"59646",,,,,,,,,,,,"605.00","3999.00","3394.00","0.00","0.00","0.00","0.00","Kolkata","WB","700055","546"
"36841","59646","PPMP","'133780455879570829301","100264604936","11319339639","32870d3b-955a-4c70-b873-fd6aff08d0fc","5975604719","2026-08-05 16:06:28.000","16834418","1379YKGREEN-XL","52436958","YARYKRTI52436958","XL","1379YKGREEN","YASH GALLERY","YASH GALLERY Women Green Floral Printed Anarkali Kurta","Kurtas","WP",,,"flipkartlogistics",,"59646",,,,,,,,,,,,"979.00","4349.00","3370.00","0.00","0.00","0.00","0.00","Kolkata","WB","700028","885"
"36841","59646","PPMP","'133777326320524545003","100263802166","11318536461","def7b88e-5536-49a6-9cf4-984ab95286dd","5975118705","2026-08-05 07:24:52.000","12253052","45945165","45945165","YARYKRTA45945165","3XL","1188YKPINK","YASH GALLERY","YASH GALLERY Women Peach-Coloured & Green Floral Printed Anarkali Kurta","Kurtas","SH","1000102455098",,"flipkartlogistics","MYSP1446973791","59646",,,"2026-08-05 09:27:20.000","2026-08-05 18:03:01.000","2026-08-06 01:55:56.000","2026-08-06 02:01:28.000",,,,,,"962.00","2999.00","2037.00","0.00","0.00","0.00","0.00","Hyderabad","TG","500047","868"
"36841","59646","PPMP","'133777297900608525501","100263799073","11318533368","0b399d00-9d19-486e-82ef-b7ef3efb52e6","5975116766","2026-08-05 07:20:08.000","30874386","1516PLYKNRED-6XL","99384732","YARYKRTA99384732","6XL","1516PLYKNRED","YASH GALLERY","YASH GALLERY Plus Size Geometric Printed A Line Kurta","Kurtas","SH","1000102455622",,"flipkartlogistics","MYSP1446974221","59646",,,"2026-08-05 09:27:35.000","2026-08-05 18:02:59.000","2026-08-06 00:09:47.000","2026-08-06 00:16:00.000",,,,,,"957.00","3299.00","2342.00","0.00","0.00","0.00","0.00","Jaipur","RJ","302017","863"
"36841","59646","PPMP","'133779937142497329801","100264453077","11319187627","1881e50a-69e7-4aed-a63f-5e015371bcf4","5975511356","2026-08-05 14:39:59.000","23118522","1470YKBLUE-M","73585154","YARYTOPS73585154","M","1470YKBLUE","YASH GALLERY","YASH GALLERY Striped Flared Sleeve Cotton Top","Tops","F",,,"EK_E2E",,"59646","79","Duplicate Order",,,,,,"2026-08-05 19:34:09.000",,,,"471.00","2249.00","1778.00","0.00","0.00","0.00","0.00","Talegaon Dabhade","MH","410507","436"
"36841","28","SJIT","'133781039944684212803","100264771308","11319506106","08c1d205-15cc-4b2f-8f11-38514cece8b2","5975707020","2026-08-05 17:43:48.000","18459244","1417PLYKBLACK-3XL","56971242","YARYKRTI56971242","3XL","1417PLYKBLACK","YASH GALLERY","YASH GALLERY Plus Size Women Black & White Bandhani Printed Kurti","Kurtis","SH","1000103461818","1935954291","flipkartlogistics","MYSP1447355539","28",,,"2026-08-05 22:21:10.000",,"2026-08-05 22:25:41.000","2026-08-05 22:31:54.000",,,,,,"697.00","2999.00","2302.00","0.00","0.00","0.00","0.00","New Delhi","DL","110063","638"
"36841","59646","PPMP","'133782571091958782501","100265243928","11319978751","aca1bb9c-e979-4b61-a511-036a03017ef2","5976000909","2026-08-05 21:58:59.000","40409018","1979YKBLACK-S","129282844","YARYTOPS129282844","S","1979YKBLACK","YASH GALLERY","YASH GALLERY Floral Embroidered Cotton Top","Tops","WP",,,"flipkartlogistics",,"59646",,,,,,,,,,,,"581.00","2599.00","2018.00","0.00","0.00","0.00","0.00","Rajkot","GJ","360005","522"
"36841","59646","PPMP","'133782018935136473003","100265063380","11319798200","05fc8e38-b752-4060-90d2-53b99dd97327","5975889677","2026-08-05 20:26:58.000","43562243","DB_7115YKBLUE","139030457","DSBYTOPS139030457","Onesize","DB_7115YKBLUE","DressBerry","DressBerry Print Halter Neck Ethnic Crop Top","Tops","WP",,,"flipkartlogistics",,"59646",,,,,,,,,,,,"279.00","1999.00","1720.00","0.00","0.00","0.00","0.00","Mumbai","MH","400016","244"
"36841","59646","PPMP","'133782669377935329603","100265279760","11320014584","e43e826c-269e-401e-b9ca-ce227c24be55","5976022085","2026-08-05 22:15:22.000","42025672","DB_1292YKGREEN-M","134268783","DSBYTOPS134268783","M","DB_1292YKGREEN","DressBerry","DressBerry Print Puff Sleeve Peplum Top","Tops","WP",,,"flipkartlogistics",,"59646",,,,,,,,,,,,"442.00","1399.00","957.00","0.00","0.00","0.00","0.00","Delhi","DL","110027","407"
"36841","59646","PPMP","'133782251272113845401","100265136167","11319870990","f5aee92a-dc82-4bac-8ba0-2eb326fd057c","5975934972","2026-08-05 21:05:42.000","37371485","6016PLSKDBLUE-4XL","119482352","YARYKASS119482352","4XL","6016PLSKDBLUE","YASH GALLERY","YASH GALLERY Women Rayon Kurta Set with Rubber Print Dupatta Set","Kurta Sets","F",,,"flipkartlogistics",,"59646","41","Incorrect size ordered",,,,,,"2026-08-05 23:20:14.000",,,,"1389.00","4999.00","3610.00","0.00","0.00","0.00","0.00","Hyderabad","TG","500008","1141"
"36841","59646","PPMP","'133781298506109620903","100264846416","11319581234","b338455e-b61e-404d-90e5-f24b73945e97","5975753198","2026-08-05 18:26:54.000","35670479","1738PLYKDWHITE-4XL","114076948","YARYKASS114076948","4XL","1738PLYKDWHITE","YASH GALLERY","YASH GALLERY Women Printed Cotton Blend Kurta Sets","Kurta Sets","WP",,,"flipkartlogistics",,"59646",,,,,,,,,,,,"1086.00","5949.00","4863.00","0.00","0.00","0.00","0.00","Bangalore","KA","560070","968"
"36841","59646","PPMP","'133780452237042121503","100264603886","11319338588","b6a75cf3-d55d-4b7c-ae10-3625e81de45a","5975604074","2026-08-05 16:05:50.000","40409019","1979PLYKBLACK-3XL","129282849","YARYTOPS129282849","3XL","1979PLYKBLACK","YASH GALLERY","YASH GALLERY Floral Embroidered Cotton Top","Tops","WP",,,"flipkartlogistics",,"59646",,,,,,,,,,,,"615.00","2599.00","1984.00","0.00","0.00","0.00","0.00","Mumbai","MH","400093","556"
"36841","59646","PPMP","'133782168271923380803","100265109900","11319844722","7c503221-4c87-48f1-901f-3b511b1c398c","5975918648","2026-08-05 20:51:52.000","42044723","DB_AK-182BROWN-XL","134334506","DSBYDRSS134334506","XL","DB_AK-182BROWN","DressBerry","DressBerry Floral Print Ruffled Fit & Flare Mini Dress","Dresses","WP",,,"flipkartlogistics",,"59646",,,,,,,,,,,,"528.00","2899.00","2371.00","0.00","0.00","0.00","0.00","Varanasi","UP","221011","469"
"36841","59646","PPMP","'133779731282419974603","100264394348","11319128898","11ea026c-4b47-4643-86f6-25a3a23d957f","5975474808","2026-08-05 14:05:41.000","10613114","36382908","36382908","YARYKRTA36382908","S","1065YKBLUE","YASH GALLERY","YASH GALLERY Women Blue & White Printed A-Line Kurta","Kurtas","F",,,"flipkartlogistics",,"59646","43","Cash Issue",,,,,,"2026-08-05 14:08:39.000",,,,"961.00","4299.00","3338.00","0.00","0.00","0.00","0.00","Mau","UP","275101","867"
"36841","59646","PPMP","'133779896608111162101","100264440902","11319175452","22411ae0-03c4-403a-9161-2e963be5ff4b","5975503864","2026-08-05 14:33:15.000","38055870","1946YKGREEN-XS","121546017","YARYKASS121546017","XS","1946YKGREEN","YASH GALLERY","YASH GALLERY Women Printed Regular Pure Cotton Kurta with Trousers","Kurta Sets","WP",,,"flipkartlogistics",,"59646",,,,,,,,,,,,"1078.00","4999.00","3921.00","50.00","0.00","0.00","0.00","Ghaziabad","UP","201010","960"
"36841","59646","PPMP","'133780341233348041603","100264572145","11319306783","a3fec5e5-1c5f-4210-a808-465ebf2050fb","5975584580","2026-08-05 15:47:20.000","40409019","1979PLYKBLACK-XXL","129282848","YARYTOPS129282848","XXL","1979PLYKBLACK","YASH GALLERY","YASH GALLERY Floral Embroidered Cotton Top","Tops","F",,,"flipkartlogistics",,"59646","41","Incorrect size ordered",,,,,,"2026-08-05 16:04:34.000",,,,"615.00","2599.00","1984.00","0.00","0.00","0.00","0.00","Mumbai","MH","400093","556"
"36841","59646","PPMP","'133783204267780837403","100265479000","11320213827","15d1db4c-2c3f-4def-ab88-403a26ecce25","5976136220","2026-08-05 23:44:31.000","27279488","1548PLYKPINK-4XL","87886044","YARYDRSS87886044","4XL","1548PLYKPINK","YASH GALLERY","YASH GALLERY Plus Size Geometric Printed Shirt Collar Knee Length Fit and Flare Dress","Ethnic Dresses","WP",,,"flipkartlogistics",,"59646",,,,,,,,,,,,"1007.00","4899.00","3892.00","0.00","0.00","0.00","0.00","Howrah","WB","711106","913"
"36841","59646","PPMP","'133778281662036811601","100263973349","11318707798","3a3fd416-0ce0-4457-b7f1-361944a59de0","5975224149","2026-08-05 10:04:06.000","13671642","46456439","46456439","YARYKRTA46456439","4XL","1130PLYKPURPLE","YASH GALLERY","Yash Gallery Women Plus Size Maroon & Golden Ethnic Motifs Printed A-Line Kurta","Kurtas","SH","1000103013445",,"flipkartlogistics","MYSC1329072437","59646",,,"2026-08-05 12:57:49.000","2026-08-05 18:03:01.000","2026-08-06 01:46:53.000","2026-08-06 01:53:07.000",,,,,,"855.00","3799.00","2944.00","31.00","0.00","0.00","0.00","Hyderabad","TG","500070","761"
"36841","59646","PPMP","'133779714259301105703","100264389685","11319124235","32b84acc-f3d9-4cdf-8ced-a0fdb929b922","5975471842","2026-08-05 14:02:51.000","43856612","7049YKBLS-3XL","139715739","YARYSRBL139715739","3XL","7049YKBLS","YASH GALLERY","YASH GALLERY Cotton Printed Saree Blouse","Saree Blouse","WP",,,"flipkartlogistics",,"59646",,,,,,,,,,,,"611.00","2699.00","2088.00","0.00","0.00","0.00","0.00","Chennai","TN","600061","552"
"36841","59646","PPMP","'133778231649411605401","100263961375","11318695794","f60cf799-1093-42c6-87aa-ba8155a7fd90","5975216947","2026-08-05 09:55:45.000","43707769","1959PLYKBLACK-3XL","139382515","YARYCOORD139382515","3XL","1959PLYKBLACK","YASH GALLERY","YASH GALLERY Embroidered Top with Trousers","Co-Ords","SH","1000102990327",,"flipkartlogistics","MYSP1447168334","59646",,,"2026-08-05 12:43:38.000","2026-08-05 18:03:07.000","2026-08-06 00:16:37.000","2026-08-06 00:21:14.000",,,,,,"971.00","2999.00","2028.00","0.00","0.00","0.00","0.00","Jaipur","RJ","302016","877"
"36841","59646","PPMP","'133782760853029275001","100265314607","11320049432","70b18672-9362-4e98-94ec-1483b3b10538","5976042659","2026-08-05 22:30:36.000","38055737","1961YKBROWN-M","121545632","YARYCOORD121545632","M","1961YKBROWN","YASH GALLERY","YASH GALLERY Printed Top With Trousers Co-Ords","Co-Ords","F",,,"flipkartlogistics",,"59646","44","Ordered By Mistake",,,,,,"2026-08-05 22:32:00.000",,,,"729.00","2999.00","2270.00","0.00","0.00","0.00","0.00","New Delhi","DL","110059","670"
"36841","59646","PPMP","'133782623486932903103","100265262708","11319997531","b107f4a9-cfd2-421b-8caf-60c27f9fcc4d","5976012069","2026-08-05 22:07:43.000","40409019","1979PLYKBLACK-4XL","129282850","YARYTOPS129282850","4XL","1979PLYKBLACK","YASH GALLERY","YASH GALLERY Floral Embroidered Cotton Top","Tops","WP",,,"flipkartlogistics",,"59646",,,,,,,,,,,,"615.00","2599.00","1984.00","0.00","0.00","0.00","0.00","Mysore","KA","570023","556"
"36841","59646","PPMP","'133782570758770938003","100265243801","11319978624","0a8238ec-bb2e-4210-b1d1-6b5ffb2bb46b","5976000833","2026-08-05 21:58:56.000","9171465","33872076","33872076","YARYKRTA33872076","3XL","9YK148BLACK","YASH GALLERY","YASH GALLERY Women Black Printed A-Line Kurta","Kurtas","WP",,,"EK_E2E",,"59646",,,,,,,,,,,,"958.00","2089.00","1131.00","0.00","0.00","0.00","0.00","Eluru","AP","534002","864"
"36841","59646","PPMP","'133774699923694298401","100263562971","11318297264","f7f0e3d8-c6e8-4c6f-8056-f29593cdf419","5974986327","2026-08-05 00:07:08.000","42044723","DB_AK-182BROWN-M","134334501","DSBYDRSS134334501","M","DB_AK-182BROWN","DressBerry","DressBerry Floral Print Ruffled Fit & Flare Mini Dress","Dresses","PK","1000102441111",,"EK_E2E","MYEP1130368676","59646",,,"2026-08-05 09:22:28.000","2026-08-05 17:00:25.000",,,,,,,,"528.00","2899.00","2371.00","0.00","0.00","0.00","0.00","Siwan","BR","841237","469"
"36841","59646","PPMP","'133782414647514930203","100265189120","11319923943","d13b1828-f2b0-423c-8c59-88bd23c28db5","5975967756","2026-08-05 21:32:54.000","43562239","DB_4010DRSMULTI-L","139030452","DSBYTOPS139030452","L","DB_4010DRSMULTI","DressBerry","DressBerry Print Halter Neck Ethnic Cotton Top","Tops","WP",,,"flipkartlogistics",,"59646",,,,,,,,,,,,"354.00","1999.00","1645.00","0.00","0.00","0.00","0.00","Guntur","AP","522002","319"
"36841","59646","PPMP","'133775936971003830803","100263740444","11318474739","10b6ff01-68e9-4b03-a8f8-a1237fec72f4","5975082232","2026-08-05 03:33:19.000","36578676","1378PLYKNMULTI-7XL","116930914","YARYKRTA116930914","7XL","1378PLYKNMULTI","YASH GALLERY","YASH GALLERY Women Printed Viscose Rayon Anarkali Kurtas","Kurtas","SH","1000102460486",,"flipkartlogistics","MYSP1446976236","59646",,,"2026-08-05 09:29:05.000","2026-08-05 18:03:03.000","2026-08-06 01:45:04.000","2026-08-06 01:51:40.000",,,,,,"942.00","3999.00","3057.00","0.00","0.00","0.00","0.00","Hyderabad","TG","502032","848"
"36841","59646","PPMP","'133778830945645615003","100264126880","11318861404","eb46c95b-8197-4d28-a718-d0e2349ed928","5975313653","2026-08-05 11:35:37.000","40409018","1979YKBLACK-XL","129282847","YARYTOPS129282847","XL","1979YKBLACK","YASH GALLERY","YASH GALLERY Floral Embroidered Cotton Top","Tops","PK","1000102990595",,"flipkartlogistics","MYSC1329065078","59646",,,"2026-08-05 12:43:47.000","2026-08-05 18:03:00.000",,,,,,,,"581.00","2599.00","2018.00","0.00","0.00","0.00","0.00","Gurugram","HR","122002","522"
"36841","59646","PPMP","'133782571306763619903","100265243994","11319978817","a9d4f3f8-a81d-46f5-abc0-bc2d6dc729da","5976000947","2026-08-05 21:59:01.000","37365678","AK-228BLACK-3XL","119474904","YARYKRTI119474904","3XL","AK-228BLACK","YASH GALLERY","YASH GALLERY Women Printed Kurti","Kurtis","WP",,,"flipkartlogistics",,"59646",,,,,,,,,,,,"607.00","2999.00","2392.00","0.00","0.00","0.00","0.00","Cuttack","OR","753014","548"
"36841","59646","PPMP","'133782848075982193903","100265347810","11320082635","0c286209-628a-4a33-8aca-957616dfddd1","5976062184","2026-08-05 22:45:09.000","37365678","AK-228BLACK-4XL","119474905","YARYKRTI119474905","4XL","AK-228BLACK","YASH GALLERY","YASH GALLERY Women Printed Kurti","Kurtis","WP",,,"flipkartlogistics",,"59646",,,,,,,,,,,,"607.00","2999.00","2392.00","0.00","0.00","0.00","0.00","New Delhi","DL","110024","548"
"36841","28","SJIT","'133778098491405777703","100263930262","11318664604","328967ec-c38f-4314-ad51-99daa7198691","5975198420","2026-08-05 09:33:34.000","40409018","1979YKBLACK-L","129282846","YARYTOPS129282846","L","1979YKBLACK","YASH GALLERY","YASH GALLERY Floral Embroidered Cotton Top","Tops","SH","1000103261780","1935795472","flipkartlogistics","MYSP1447275578","28",,,"2026-08-05 16:19:04.000",,"2026-08-05 16:23:50.000","2026-08-05 16:30:42.000",,,,,,"581.00","2599.00","2018.00","0.00","0.00","0.00","0.00","Mumbai","MH","400068","522"
"36841","59646","PPMP","'133778451714168331401","100264018109","11318752584","efbd2d6c-b55e-4fb1-908f-d6da3c306ebf","5975250076","2026-08-05 10:32:26.000","16605250","1309PLYKNRED-3XL","52048629","YARYKRTI52048629","3XL","1309PLYKNRED","YASH GALLERY","YASH GALLERY Women Red & Blue Ethnic Motifs Printed Anarkali Kurta","Kurtas","SH","1000103006370",,"EK_E2E","MYEP1130461942","59646",,,"2026-08-05 12:53:37.000","2026-08-05 17:00:27.000","2026-08-05 23:55:47.000","2026-08-06 00:02:29.000",,,,,,"893.00","3999.00","3106.00","0.00","0.00","0.00","0.00","Pondicherry","PY","605013","799"
"36841","59646","PPMP","'133783051048683482301","100265424287","11320159113","6163b7dc-00bb-401b-bf4d-3d54ab9d355e","5976105528","2026-08-05 23:18:59.000","33253193","5037YKPINK-L","107309474","YARYTRSR107309474","32","5037YKPINK","YASH GALLERY","YASH GALLERY Women Regular Fit Trousers","Trousers","WP",,,"flipkartlogistics",,"59646",,,,,,,,,,,,"601.00","2599.00","1998.00","0.00","0.00","0.00","0.00","K v rangareddy, ","AP","500084","542"
"36841","59646","PPMP","'133778745778214679903","100264101684","11318836201","3235c17d-956c-40b0-9266-0ddcba24ca08","5975298619","2026-08-05 11:21:27.000","13001166","45233552","45233552","YARYKRTA45233552","3XL","1065PLYKBLUE","YASH GALLERY","YASH GALLERY Plus Size Women Navy Blue & White Geometric Print A-Line Kurta with Frontslit","Kurtas","SH","1000103004986",,"flipkartlogistics","MYSP1447172585","59646",,,"2026-08-05 12:52:39.000","2026-08-05 18:03:05.000","2026-08-06 00:27:43.000","2026-08-06 00:34:27.000",,,,,,"983.00","4599.00","3616.00","78.00","0.00","0.00","0.00","Thane","MH","400610","889"
"36841","28","SJIT","'133783126623720720403","100265451679","11320186506","3e12d22d-86a9-412a-ad73-8eaaac8cebcd","5976121051","2026-08-05 23:31:35.000","11007964","37957984","37957984","YARYKRTA37957984","L","165YK251MUSTRAD","YASH GALLERY","YASH GALLERY Women Mustard Yellow Solid A-Line Kurta","Kurtas","SH","1000103578290","1936041398","flipkartlogistics","MYSP1447412499","28",,,"2026-08-06 01:49:59.000",,"2026-08-06 01:59:00.000","2026-08-06 02:05:02.000",,,,,,"692.00","3749.00","3057.00","0.00","0.00","0.00","0.00","Bhopal","MP","462011","633"
"36841","59646","PPMP","'133782959729349044701","100265390472","11320125298","f5b1a30e-f41e-42cd-b8d5-af52d28f4500","5976086564","2026-08-05 23:03:46.000","34523163","1899PLYKNOFFWHITE-8XL","111160707","YARYTOPS111160707","8XL","1899PLYKNOFFWHITE","YASH GALLERY","YASH GALLERY Women Embroidered Tie-Up Neck Top","Tops","WP",,,"flipkartlogistics",,"59646",,,,,,,,,,,,"721.00","2999.00","2278.00","0.00","0.00","0.00","0.00","Hyderabad","TG","500084","662"
"36841","59646","PPMP","'133780698076229876503","100264674427","11319409168","eba88666-f2d5-4f55-85f6-88c74b193d76","5975648189","2026-08-05 16:46:49.000","30874403","1112DPT21MULTI-3XL","99384768","YARYKRTA99384768","3XL","1112DPT21MULTI","YASH GALLERY","YASH GALLERY Chevron Printed Mandarin Collar A-Line Kurta With Dupatta","Kurtas","WP",,,"EK_E2E",,"59646",,,,,,,,,,,,"1000.00","5999.00","4999.00","0.00","0.00","0.00","0.00","Sultanpur","UP","228001","906"
"36841","59646","PPMP","'133780374051949350801","100264581534","11319316195","815a42cc-5ff2-4682-8667-d13cd3f24386","5975590308","2026-08-05 15:52:48.000","13001122","45233466","45233466","YARYKRTA45233466","5XL","192PLYK251GREEN","YASH GALLERY","YASH GALLERY Women Plus Size Green Solid Angrakha Anarkali Kurta","Kurtas","WP",,,"flipkartlogistics",,"59646",,,,,,,,,,,,"839.00","2499.00","1660.00","0.00","0.00","0.00","0.00","Varanasi","UP","221005","745"
"36841","59646","PPMP","'133778764563080145703","100264107174","11318841694","cc85a5a8-336c-4796-ae5b-b34f2da90181","5975301901","2026-08-05 11:24:35.000","37371487","6017PLSKDRED-3XL","119482360","YARYKASS119482360","3XL","6017PLSKDRED","YASH GALLERY","YASH GALLERY Women Rayon Kurta Set With Rubber Print  Dupatta Set","Kurta Sets","PK","1000103004347",,"flipkartlogistics","MYSP1447173550","59646",,,"2026-08-05 12:52:15.000","2026-08-05 18:03:05.000",,,,,,,,"1350.00","4999.00","3649.00","65.00","0.00","0.00","0.00","Delhi","DL","110053","1102"
"36841","59646","PPMP","'133778080453385474303","100263926323","11318660649","6fddbb02-8307-437e-83c4-3745032df523","5975196006","2026-08-05 09:30:32.000","37298958","AK-225PINK-XL","119274313","YARYDRSS119274313","XL","AK-225PINK","YASH GALLERY","YASH GALLERY Print Fit & Flare Dress","Dresses","PK","1000103010772",,"flipkartlogistics","MYSP1447175043","59646",,,"2026-08-05 12:56:15.000","2026-08-05 18:03:05.000",,,,,,,,"534.00","2599.00","2065.00","54.00","0.00","0.00","0.00","New Delhi","DL","110096","475"
"36841","59646","PPMP","'133782698328570002403","100265290502","11320025327","1a282296-708b-4fd7-a0d6-2854aed91719","5976028571","2026-08-05 22:20:13.000","13001120","45233460","45233460","YARYKRTA45233460","3XL","224PLYK148BNDJ","YASH GALLERY","YASH GALLERY Women Plus Size Red & Beige Bandhani Print Anarkali Kurta","Kurtas","WP",,,"EK_E2E",,"59646",,,,,,,,,,,,"981.00","1999.00","1018.00","0.00","0.00","0.00","0.00","Bokaro","JH","827006","887"
"36841","59646","PPMP","'133780859161734276201","100264720748","11319455522","d39c3b5e-1d38-4a17-94a7-69b65e374362","5975675966","2026-08-05 17:13:41.000","30818292","1251DPT21MULTI-L","99190337","YARYKRTA99190337","L","1251DPT21MULTI","YASH GALLERY","YASH GALLERY Chevron Printed Mandarin Collar Kurta With Dupatta","Kurtas","WP",,,"flipkartlogistics",,"59646",,,,,,,,,,,,"940.00","4599.00","3659.00","0.00","0.00","0.00","0.00","New Delhi","DL","110066","846"
"36841","59646","PPMP","'133778460465513442801","100264020596","11318755071","27b59aa9-51bd-4ee0-bb3c-ffc771cce35c","5975251471","2026-08-05 10:33:53.000","37371476","1937YKPURPLE-S","119482316","YARYKASS119482316","S","1937YKPURPLE","YASH GALLERY","YASH GALLERY Women Geometric Printed Cotton A-Line Kurta with Trousers","Kurta Sets","PK","1000103005530",,"EK_E2E","MYEC1113876138","59646",,,"2026-08-05 12:53:03.000","2026-08-05 17:00:25.000",,,,,,,,"1063.00","4999.00","3936.00","0.00","0.00","0.00","0.00","Nabarangapur","OR","764070","945"
"36841","59646","PPMP","'133781946438055923001","100265040899","11319775719","f682f705-8498-48a8-820f-ba0c80e19fdd","5975875729","2026-08-05 20:14:52.000","27279488","1548PLYKPINK-3XL","87886040","YARYDRSS87886040","3XL","1548PLYKPINK","YASH GALLERY","YASH GALLERY Plus Size Geometric Printed Shirt Collar Knee Length Fit and Flare Dress","Ethnic Dresses","F",,,"flipkartlogistics",,"59646","44","Ordered By Mistake",,,,,,"2026-08-05 20:16:35.000",,,,"1007.00","4899.00","3892.00","0.00","0.00","0.00","0.00","Mumbai","MH","400030","913"
"36841","28","SJIT","'133779861744397068101","100264430886","11319165436","109201ab-e7c2-49c1-90bc-b13abfc14e9c","5975497806","2026-08-05 14:27:26.000","16605250","1309PLYKNRED-5XL","52048631","YARYKRTI52048631","5XL","1309PLYKNRED","YASH GALLERY","YASH GALLERY Women Red & Blue Ethnic Motifs Printed Anarkali Kurta","Kurtas","SH","1000103277745","1935791223","flipkartlogistics","MYSP1447282935","28",,,"2026-08-05 16:37:25.000",,"2026-08-05 16:41:31.000","2026-08-05 16:47:41.000",,,,,,"893.00","3999.00","3106.00","0.00","0.00","0.00","0.00","New Delhi","DL","110051","799"
"36841","59646","PPMP","'133775123397424666503","100263668929","11318403224","555d91fd-8b6c-4487-8482-9ffb100873f4","5975044325","2026-08-05 01:17:42.000","44246125","4043DRSMULTI-XL","140952496","YARYDRSS140952496","XL","4043DRSMULTI","YASH GALLERY","YASH GALLERY Print A-Line Midi Dress","Dresses","PK","1000102465385",,"flipkartlogistics","MYSC1328928040","59646",,,"2026-08-05 09:30:36.000","2026-08-05 18:03:05.000",,,,,,,,"661.00","2899.00","2238.00","0.00","0.00","0.00","0.00","New Delhi","DL","110015","602"
"36841","59646","PPMP","'133779626942332855903","100264364442","11319098992","9053446e-448b-488a-b447-2180815ec71f","5975456093","2026-08-05 13:48:18.000","40409019","1979PLYKBLACK-3XL","129282849","YARYTOPS129282849","3XL","1979PLYKBLACK","YASH GALLERY","YASH GALLERY Floral Embroidered Cotton Top","Tops","WP",,,"flipkartlogistics",,"59646",,,,,,,,,,,,"615.00","2599.00","1984.00","0.00","0.00","0.00","0.00","New Delhi","DL","110055","556"
"36841","59646","PPMP","'133781002296735796001","100264760712","11319495507","f0b85bb8-3a85-4718-8ccf-9128617f9430","5975700541","2026-08-05 17:37:31.000","37371474","1937PLYKPURPLE-5XL","119482308","YARYKASS119482308","5XL","1937PLYKPURPLE","YASH GALLERY","YASH GALLERY Women Geometric Printed Cotton A-Line Kurta with Trousers","Kurta Sets","WP",,,"Shadowfax",,"59646",,,,,,,,,,,,"1107.00","4999.00","3892.00","0.00","0.00","0.00","0.00","Harur","TN","636903","989"
"36841","59646","PPMP","'133775120438913333103","100263668439","11318402734","acc11795-1429-4045-8536-4adc85dab95d","5975044077","2026-08-05 01:17:12.000","37300050","AK-196GREEN-4XL","119277435","YARYKRTI119277435","4XL","AK-196GREEN","YASH GALLERY","YASH GALLERY Plus Size Printed Keyhole Neck Kurti","Kurtis","PK","1000102417003",,"flipkartlogistics","MYSP1446960361","59646",,,"2026-08-05 09:13:47.000","2026-08-05 18:03:05.000",,,,,,,,"621.00","2999.00","2378.00","0.00","0.00","0.00","0.00","New Delhi","DL","110009","562"
"36841","59646","PPMP","'133781427442549115601","100264883478","11319618296","1d2c084c-0064-4665-982f-288391c9755a","5975776220","2026-08-05 18:48:23.000","31945159","146PLYKN148AZKBLU-7XL","102852512","YARYKRTA102852512","7XL","146PLYKN148AZKBLU","YASH GALLERY","YASH GALLERY Plus Size Floral Printed A-Line Cotton Kurta","Kurtas","WP",,,"flipkartlogistics",,"59646",,,,,,,,,,,,"992.00","2499.00","1507.00","0.00","0.00","0.00","0.00","Kolkata","WB","700051","898"
"36841","59646","PPMP","'133782780736647645303","100265322194","11320057019","c1c4b7e5-dced-4793-87e1-4ac75d655fe1","5976047175","2026-08-05 22:33:55.000","38055737","1961YKBROWN-M","121545632","YARYCOORD121545632","M","1961YKBROWN","YASH GALLERY","YASH GALLERY Printed Top With Trousers Co-Ords","Co-Ords","WP",,,"flipkartlogistics",,"59646",,,,,,,,,,,,"729.00","2999.00","2270.00","0.00","0.00","0.00","0.00","New Delhi","DL","110059","670"
"36841","59646","PPMP","'133775936971003830803","100263740447","11318474742","10b6ff01-68e9-4b03-a8f8-a1237fec72f4","5975082232","2026-08-05 03:33:19.000","30874386","1516PLYKNRED-7XL","99384733","YARYKRTA99384733","7XL","1516PLYKNRED","YASH GALLERY","YASH GALLERY Plus Size Geometric Printed A Line Kurta","Kurtas","SH","1000102460486",,"flipkartlogistics","MYSP1446976236","59646",,,"2026-08-05 09:29:05.000","2026-08-05 18:03:03.000","2026-08-06 01:45:04.000","2026-08-06 01:51:40.000",,,,,,"957.00","3299.00","2342.00","0.00","0.00","0.00","0.00","Hyderabad","TG","502032","863"
"36841","59646","PPMP","'133777413110461806101","100263812057","11318546352","23aa6ad5-61ef-4c2b-9780-e1eb113e705d","5975124973","2026-08-05 07:39:19.000","21839714","1398PLYKGREY-3XL","68935132","YARYKRTI68935132","3XL","1398PLYKGREY","YASH GALLERY","YASH GALLERY Women Grey & Yellow Ethnic Motifs Printed Gotta Patti Anarkali Kurta","Kurtas","PK","1000102453233",,"flipkartlogistics","MYSC1328924824","59646",,,"2026-08-05 09:26:35.000","2026-08-05 18:02:58.000",,,,,,,,"931.00","4699.00","3768.00","0.00","0.00","0.00","0.00","Gautam Buddha Nagar","UP","201304","837"
"36841","59646","PPMP","'133783060537690526301","100265427791","11320162617","5d235d8d-83c6-4e6f-94c6-51ec0d866427","5976107448","2026-08-05 23:20:33.000","44292902","DB_AK-192BLUE-F","141103317","DSBYSHRT141103317","Onesize","DB_AK-192BLUE","DressBerry","DressBerry Women Straight Printed Casual Shirt","Shirts","WP",,,"flipkartlogistics",,"59646",,,,,,,,,,,,"451.00","1749.00","1298.00","0.00","0.00","0.00","0.00","Bavla","GJ","382220","416"
"36841","59646","PPMP","'133782774524040075701","100265319765","11320054589","9b445613-9f55-43fe-bf9d-defcbb44b33a","5976045735","2026-08-05 22:32:54.000","44426814","1996YKMULTI-M","141547444","YARYTOPS141547444","M","1996YKMULTI","YASH GALLERY","YASH GALLERY Print Ethnic Crop Top","Tops","WP",,,"EK_E2E",,"59646",,,,,,,,,,,,"481.00","1999.00","1518.00","0.00","0.00","0.00","0.00","Sohna","HR","122103","446"
"36841","59646","PPMP","'133780704530359962501","100264676372","11319411114","bcb1352c-eb39-4e20-b449-779da25ce784","5975649371","2026-08-05 16:47:54.000","15000306","1330YKBLUE-M","49234515","YARYKRTA49234515","M","1330YKBLUE","YASH GALLERY","YASH GALLERY Women Navy Blue & Maroon Ethnic Motifs Printed Cotton Indigo Kurta","Ethnic Dresses","WP",,,"flipkartlogistics",,"59646",,,,,,,,,,,,"909.00","4399.00","3490.00","0.00","0.00","0.00","0.00","Gurugram","HR","122101","815"
"36841","59646","PPMP","'133778281662036811601","100263973341","11318707790","3a3fd416-0ce0-4457-b7f1-361944a59de0","5975224149","2026-08-05 10:04:05.000","25451624","1592PLYKBLUE-4XL","82078542","YARYKRTA82078542","4XL","1592PLYKBLUE","YASH GALLERY","YASH GALLERY Plus Size Ethnic Motifs Ikat Printed Anarkali Kurta","Kurtas","SH","1000103013445",,"flipkartlogistics","MYSC1329072437","59646",,,"2026-08-05 12:57:49.000","2026-08-05 18:03:01.000","2026-08-06 01:46:53.000","2026-08-06 01:53:07.000",,,,,,"920.00","4599.00","3679.00","34.00","0.00","0.00","0.00","Hyderabad","TG","500070","826"
"36841","59646","PPMP","'133781218171229336803","100264823135","11319557952","fcde9ce0-22c0-4e6e-8c5c-2dbc0d578e43","5975738708","2026-08-05 18:13:30.000","35266974","1055PLYKCGREEN-3XL","113132727","YARYTOPS113132727","3XL","1055PLYKCGREEN","YASH GALLERY","YASH GALLERY Women Mirror Work Regular Top","Tops","WP",,,"flipkartlogistics",,"59646",,,,,,,,,,,,"601.00","2149.00","1548.00","0.00","0.00","0.00","0.00","Bangalore","KA","560017","542"
"36841","59646","PPMP","'133782490693873584001","100265215568","11319950391","ec501c1e-6511-4d37-926f-8d2ee0b83698","5975983726","2026-08-05 21:45:35.000","11008036","37958388","37958388","YARYKRTA37958388","M","167YK251BLACK","YASH GALLERY","YASH GALLERY Women Black Solid A-Line Kurta with Appliques","Kurtas","WP",,,"flipkartlogistics",,"59646",,,,,,,,,,,,"821.00","3749.00","2928.00","0.00","0.00","0.00","0.00","Bangalore","KA","560049","727"
"36841","59646","PPMP","'133775936971003830803","100263740436","11318474731","10b6ff01-68e9-4b03-a8f8-a1237fec72f4","5975082232","2026-08-05 03:33:19.000","30589858","1529PLYKNWINE-7XL","98367897","YARYKRTA98367897","7XL","1529PLYKNWINE","YASH GALLERY","YASH GALLERY Women Floral Printed Anarkali Kurta","Kurtas","SH","1000102460486",,"flipkartlogistics","MYSP1446976236","59646",,,"2026-08-05 09:29:05.000","2026-08-05 18:03:03.000","2026-08-06 01:45:04.000","2026-08-06 01:51:40.000",,,,,,"1067.00","4349.00","3282.00","0.00","0.00","0.00","0.00","Hyderabad","TG","502032","973"
