"Reason for Credit Entry","Sub Order No","Catalog ID","Order Date","Order source","Customer State","Product Name","SKU","Size","Quantity","Supplier Listed Price (Incl. GST + Commission)","Supplier Discounted Price (Incl GST and Commision)","Packet Id"
"SHIPPED","316326876502939968_1","226737357","2026-08-05","","West Bengal","IKRASS Women's Cotton Slub Patch Work Angrakha Kurta (Mustard)","165YKC251MUSTRAD","XL","1","553.0","553.0","TNG122598427990"
"SHIPPED","316364310968129926_1","217527113","2026-08-05","","Rajasthan","IKRASS Women's Rayon Geometric Print A-Line Kurta (pink)","108YKC148PINKRAY","M","1","680.0","680.0","TNG052669362068"
"SHIPPED","316364310968129926_2","220793491","2026-08-05","","Rajasthan","IKRASS Women's Rayon Floral Print Anarkali Kurta ","1254YKCBLUE","M","1","689.0","689.0","TNG052669362069"
"CANCELLED","316381820023068992_1","226737357","2026-08-05","","Telangana","IKRASS Women's Cotton Slub Patch Work Angrakha Kurta (Mustard)","165YKC251MUSTRAD","M","1","553.0","553.0",
"SHIPPED","316403487038363987_1","220793501","2026-08-05","","Tamil Nadu","IKRASS Women's Rayon Floral Printed Anarkali Kurta ","1255YKCMAROON","S","1","658.0","658.0","TNG052669417899"
"READY_TO_SHIP","316418072806021504_1","3860093","2026-08-05","","Andhra Pradesh","IKRASS Women's Cotton Floral Printed Anarkali Kurta (Black)","1262YKNBLACK","XXL","1","699.0","693.0",
"CANCELLED","316418218251835584_1","494137","2026-08-05","","Madhya Pradesh","IKRASS Women's Attractive Cotton Kurti","1065YKBLUE","S","1","680.0","668.0",
"READY_TO_SHIP","316418623631382912_1","3760368","2026-08-05","","Andhra Pradesh","IKRASS Women's Cotton Kalamkari Print Anarkali Kurta","190Y_K214MEHROON","S","1","592.0","587.0",
"CANCELLED","316423450591615360_1","408872749","2026-08-05","","West Bengal","IKRASS Women?s Stretchable Lycra Blouse V-Neck Front Openable with Short Sleeves (Green)","1975595776","L","1","350.0","350.0",
"READY_TO_SHIP","316423633174778560_1","3760368","2026-08-05","","Karnataka","IKRASS Women's Cotton Kalamkari Print Anarkali Kurta","190Y_K214MEHROON","4XL","1","625.0","625.0",
"READY_TO_SHIP","316427267794065600_1","217558866","2026-08-05","","Haryana","IKRASS Women's Cotton Slub Regular Fit Casual Trouser Pants with Pocket (Blue)","5038YKCPOWDERBLUE","XL","1","415.0","415.0",
"READY_TO_SHIP","316428538500471168_1","245888481","2026-08-05","","Kerala","IKRASS Women's Pink Polyester Embroidered Anarkali Kurta (Pink)","1548YKCPINK","XXL","1","710.0","703.0",
"READY_TO_SHIP","316429955937063680_1","230867236","2026-08-05","","Karnataka","IKRASS Women?s Navy Blue Striped A-Line Short kurti with Front Button Placket, 3/4 Puff Sleeves & Elastic Waist ? Casual Daywear / Party Dress","1057YKNBLUE","5XL","1","455.0","451.0",
"READY_TO_SHIP","316430420774998720_1","307265608","2026-08-05","","Uttar Pradesh","IKRASS Women?s Wrinkle-Free Digital Print Collared Neck Top with 3/4 Sleeves & Matching Palazzo Pants Co-ords Set","1949YKPINK","S","1","592.0","582.0",
"READY_TO_SHIP","316433901023908608_1","230867236","2026-08-05","","Maharashtra","IKRASS Women?s Navy Blue Striped A-Line Short kurti with Front Button Placket, 3/4 Puff Sleeves & Elastic Waist ? Casual Daywear / Party Dress","1057YKNBLUE","5XL","1","455.0","451.0",
"READY_TO_SHIP","316434616014328512_1","10440926","2026-08-05","","Uttar Pradesh","IKRASS Women's Plus Size Rayon Geometric Print A-Line Kurta (Blue)","1065PLYKBLUE","XXXL","1","710.0","710.0",
"READY_TO_SHIP","316435780164375296_1","226737357","2026-08-05","","Maharashtra","IKRASS Women's Cotton Slub Patch Work Angrakha Kurta (Mustard)","165YKC251MUSTRAD","4XL","1","586.0","576.0",
"READY_TO_SHIP","316436005012624128_1","3666041","2026-08-05","","Maharashtra","YASH GALLERY Women's Floral Printed Night Suit(PINK)","1265YKPINK","XXXL","1","680.0","668.0",
"CANCELLED","316436646492690624_1","10440926","2026-08-05","","Tamil Nadu","IKRASS Women's Plus Size Rayon Geometric Print A-Line Kurta (Blue)","1065PLYKBLUE","5XL","1","710.0","710.0",
"READY_TO_SHIP","316441951649782144_1","14754622","2026-08-05","","Maharashtra","IKRASS Women's Rayon Ikat Printed Anarkali Kurta","1258YKWHITE","5XL","1","658.0","652.0",
"READY_TO_SHIP","316442922073315712_1","230867236","2026-08-05","","Gujarat","IKRASS Women?s Wine Striped A-Line Short kurti with Front Button Placket, 3/4 Puff Sleeves & Elastic Waist ? Casual Daywear / Party Dress","1530YKNWINE","XL","1","400.0","400.0",
"READY_TO_SHIP","316450730814593408_1","37240","2026-08-05","","Andhra Pradesh","IKRASS Trendy Cotton Women's Kurti","190YK214MEHROON","4XL","1","593.0","588.0",
"READY_TO_SHIP","316456299805857984_1","226737338","2026-08-05","","Kerala","IKRASS Women's Plus Size Floral Printed Anarkali Kurti (Multi)","1407YKCMULTI","8XL","1","810.0","810.0",
"READY_TO_SHIP","316466373223897408_1","226737357","2026-08-05","","Madhya Pradesh","IKRASS Women's Cotton Slub Patch Work Angrakha Kurta (Mustard)","165YKC251MUSTRAD","L","1","553.0","538.0",
"READY_TO_SHIP","316468861385693568_1","245888481","2026-08-05","","Uttar Pradesh","IKRASS Women's Pink Polyester Embroidered Anarkali Kurta (Pink)","1548YKCPINK","XL","1","680.0","674.0",
"READY_TO_SHIP","316469543572461888_1","226737357","2026-08-05","","Rajasthan","IKRASS Women's Cotton Slub Patch Work Angrakha Kurta (Mustard)","165YKC251MUSTRAD","XXXL","1","586.0","586.0",
"READY_TO_SHIP","316482248602538752_1","220793488","2026-08-05","","Haryana","IKRASS Women's Rayon Floral Printed Anarkali Kurta ","1253YKCBLACK","M","1","699.0","689.0",
"READY_TO_SHIP","316482531884915008_1","245888481","2026-08-05","","Tamil Nadu","IKRASS Women's Pink Polyester Embroidered Anarkali Kurta (Pink)","1548YKCPINK","XXL","1","710.0","703.0",
"CANCELLED","316482693043573504_1","226281207","2026-08-05","","Uttar Pradesh","IKRASS Women's Floral Printed Anarkali Kurta with Zig-Zag Printed Pant & Dupatta (Blue)","1636YKCBLUE","M","1","920.0","920.0",
"READY_TO_SHIP","316486458974917313_1","301195619","2026-08-05","","Uttarakhand","IKRASS Women?s Stretchable Lycra Blouse V-Neck Front Openable with Short Sleeves (Pink)","7098YKPINK","48","1","380.0","370.0",
"READY_TO_SHIP","316491637601392832_1","10440902","2026-08-05","","Bihar","IKRASS Plus Size Cambric Cotton Printed Mirror Work A-Line Kurta (Blue)","1037PLYKBLUE","XXL","1","658.0","658.0",
"READY_TO_SHIP","316502574681086016_1","245888481","2026-08-05","","Tamil Nadu","IKRASS Women's Pink Polyester Embroidered Anarkali Kurta (Pink)","1548YKCPINK","8XL","1","780.0","773.0",
"READY_TO_SHIP","316507767254603840_1","10440926","2026-08-05","","Kerala","IKRASS Women's Plus Size Rayon Slub Straight Kurta (Olive Green)","1172PLYKOLIVE","4XL","1","515.0","510.0",
"READY_TO_SHIP","316534847543498816_1","230922712","2026-08-05","","Jharkhand","IKRASS Women?s Green Leaf Print Dress Wrinkle Free Fabric Halter Neck Back Elastic Fit (Green)","4003DRSGREEN","XXL","1","449.0","449.0",
"READY_TO_SHIP","316535690225309890_1","230922712","2026-08-05","","Maharashtra","IKRASS Women?s Green Leaf Print Dress Wrinkle Free Fabric Halter Neck Back Elastic Fit (Green)","4003DRSGREEN","S","1","460.0","460.0",
"READY_TO_SHIP","316542801320596160_1","3543916","2026-08-05","","Kerala","IKRASS  Women's Rayon & Cotton Cambric Zig-Zag Printed A-line Kurta (Black)","1112YKBLACK","M","1","561.0","556.0",
"READY_TO_SHIP","316550837634779584_1","226737357","2026-08-05","","Delhi","IKRASS Women's Cotton Slub Patch Work Angrakha Kurta (Mustard)","165YKC251MUSTRAD","XXL","1","586.0","581.0",
"READY_TO_SHIP","316560754379380928_1","217527323","2026-08-05","","Karnataka","IKRASS Women's Cotton Embroidered Anarkali Kurta (Blue)","1096YKCBLUE","5XL","1","679.0","679.0",
"READY_TO_SHIP","316570397465299392_1","307271572","2026-08-05","","Uttar Pradesh","IKRASS Women's Polyester V-Neck Ruffle Sleeve Digital Printed Tiered Dress for Women (Blue)","1767YKBLUE","M","1","537.0","537.0",
"READY_TO_SHIP","316581365013141888_1","230867236","2026-08-05","","Andhra Pradesh","IKRASS Women?s Wine Striped A-Line Short kurti with Front Button Placket, 3/4 Puff Sleeves & Elastic Waist ? Casual Daywear / Party Dress","1530YKNWINE","5XL","1","420.0","420.0",
"READY_TO_SHIP","316583477625280578_1","102642862","2026-08-05","","Tamil Nadu","IKRASS Women's Floral Placement Printed Short Kurti (Green)","1556YKGREEN","5XL","1","450.0","441.0",
"READY_TO_SHIP","316587841228167234_1","494137","2026-08-05","","West Bengal","IKRASS Women's Attractive Cotton Kurti","1065YKBLUE","M","1","680.0","668.0",
"READY_TO_SHIP","316589157774955264_1","226737357","2026-08-05","","Telangana","IKRASS Women's Cotton Slub Patch Work Angrakha Kurta (Mustard)","165YKC251MUSTRAD","XXXL","1","586.0","581.0",
"READY_TO_SHIP","316600256997218688_1","230867236","2026-08-05","","West Bengal","IKRASS Women?s Navy Blue Striped A-Line Short kurti with Front Button Placket, 3/4 Puff Sleeves & Elastic Waist ? Casual Daywear / Party Dress","1057YKNBLUE","6XL","1","550.0","545.0",
"READY_TO_SHIP","316601835763438336_1","494137","2026-08-05","","Chhattisgarh","IKRASS Women's Attractive Cotton Kurti","1065YKBLUE","M","1","680.0","674.0",
"READY_TO_SHIP","316616879476889796_1","494137","2026-08-05","","Uttar Pradesh","IKRASS Women's Attractive Cotton Kurti","1065YKBLUE","8XL","1","780.0","766.0",
"HOLD","316620221389330752_1","226737357","2026-08-05","","Gujarat","IKRASS Women's Cotton Slub Patch Work Angrakha Kurta (Mustard)","165YKC251MUSTRAD","XXXL","1","586.0","581.0",
"READY_TO_SHIP","316624886256490816_1","666283","2026-08-05","","Tamil Nadu","IKRASS Trendy Women's Top & Tunics, Frock_Top,Kurti_Top","1057YKBLUE_(1)","7XL","1","500.0","490.0",
"READY_TO_SHIP","316627694657525824_1","226281388","2026-08-05","","Telangana","IKRASS Women's Floral Printed Anarkali Kurta with Pants & Dupatta Set (Pink)","1585YKCPINK","6XL","1","970.0","970.0",
"READY_TO_SHIP","316628777568164160_1","245888481","2026-08-05","","West Bengal","IKRASS Women's Pink Polyester Embroidered Anarkali Kurta (Pink)","1548YKCPINK","4XL","1","710.0","710.0",
"READY_TO_SHIP","316629904292436292_1","227050628","2026-08-05","","Rajasthan","IKRASS Women's Floral Printed Embroidered Anarkali Kurti (Pink)","1457YKCPINK","M","1","676.0","676.0",
"READY_TO_SHIP","316630212611463232_1","3543916","2026-08-05","","Uttar Pradesh","IKRASS  Women's Rayon & Cotton Cambric Zig-Zag Printed A-line Kurta (Black)","1112YKBLACK","L","1","561.0","556.0",
